tADS,PL,v0,t_press,t_depress,h2o_ppmv,sox_ppmv,nox_ppmv,dust_mg_Nm3,co2_mol_frac,n2_mol_frac_effective,capacity_factor,affinity_factor_co2,mtc_factor,dax_factor,deactivation_index,CO2_purity,CO2_recovery,sample_id,valid_physics,status_detail,n_cycles,status,n_CO2_feed,n_N2_feed,n_CO2_product,n_N2_product,n_CO2_dynamic_product,n_N2_dynamic_product,n_CO2_available,bed_y_CO2_before_blowdown,bed_y_N2_before_blowdown,n_CO2_void_tail,n_N2_void_tail
121.23163934889332,0.2422831363499956,0.0117611244295445,64.86467400162229,38.00855517074108,27.90615984075618,0.988693741521566,7.974843291810111,0.0793481047876727,0.1830069042680111,0.8169863480741185,0.8404123704536625,0.8957451062748614,0.9451574349555028,1.0589455360533957,0.5228486275764733,0.1638976341305459,0.6379359105959,1,True,ok,10,ok,0.0469035386292372,0.2093808321576626,0.0299214516256124,0.152640375970872,11.255813985178666,0.1495939017822516,11.46073953021693,0.7990464356879732,0.2009535643120268,0.2049255450382641,0.0515370782657554
163.80690167126866,0.3383927422096313,0.0285942861712933,59.693324310476974,65.95404137618112,9.681632686603562,0.8841487758933129,6.019090779199533,0.0870908368597769,0.2355618572534414,0.7644342359184568,0.8666244140209284,0.9130902218930664,0.9520024067276256,1.0563611574837286,0.4159821194509332,0.4905160590822472,0.6927173564815187,2,True,ok,10,ok,0.1983265819705235,0.6435894016351037,0.1373842655826363,0.1426968103350033,7.030726432052543,0.1293567562061032,7.147576634982445,0.6961576537763704,0.3038423462236296,0.1168502029299026,0.0509999992420308
82.47203684371874,0.2309023372595459,0.0220714909204118,50.16823063221825,40.97181235863739,43.930029074418286,0.1383110176523475,2.153060652311205,0.0492243504692854,0.1979299644072952,0.8020608865696198,0.8943591935726661,0.9384445030964332,0.9685463996934404,1.0347019479337445,0.3554598465336192,0.2279661742244512,0.6900668284539206,3,True,ok,10,ok,0.0647630526493901,0.2624236843578402,0.0446908343427589,0.1513506814426363,12.074273674262304,0.1468597548839954,12.263333985139528,0.7893003849788871,0.2106996150211129,0.1890603108772233,0.0504686624708392
96.36681340502696,0.1626681982454886,0.0211142039091116,53.25427567867865,26.81073956716257,57.54425946289713,0.7231558737008743,7.336067900288668,0.0480123829479439,0.2499247875283031,0.7500588154593866,0.8477532363005835,0.9017712284959568,0.9526733260835804,1.0450960759798344,0.514483126375875,0.3178610703172519,0.7226661359045955,4,True,ok,10,ok,0.0914107627476475,0.2743183303414269,0.0660594626949341,0.1417654924938258,14.988749447233104,0.1402401790799986,15.151835542437013,0.7810320241229725,0.2189679758770275,0.1630860952039091,0.0457223661226797
113.61398696228687,0.1801265282582844,0.0315342920716528,20.34173942115484,60.884986824745006,44.61559542861462,0.0201415418260989,9.788496513677485,0.0336951761959274,0.2158925096573581,0.784095739918781,0.883245955087835,0.9321613201619658,0.9737479818664344,1.043017503578932,0.4074726287279911,0.3890940792030731,0.7081938647012163,5,True,ok,10,ok,0.1390379632495988,0.5049417488565701,0.098465832533919,0.1545984976547921,13.522129476577575,0.1476327865945169,13.635936989429467,0.7006122255687041,0.2993877744312959,0.113807512851894,0.0486325769702807
144.07511838441053,0.1688826928219627,0.0140645351321512,51.6325103136176,62.56687215237702,88.62818326341059,0.6255782016100817,8.222669778554245,0.0284930891518587,0.2349562949374212,0.7650208001287588,0.8459610493994995,0.900679687240497,0.9557336432429592,1.0390084050130488,0.5312511094191241,0.2923953199446804,0.7041755343091386,6,True,ok,10,ok,0.0855856764084689,0.2786409294160736,0.0602673394141426,0.1458486115030776,14.533678420173985,0.143145120659196,14.693328872581857,0.7732553833551407,0.2267446166448593,0.1596504524078713,0.0468149092882231
152.14233018384758,0.1298855623255832,0.0295283997857814,68.04418868305999,31.371380216776476,56.6608756580417,0.7078979077012449,6.60587304844571,0.0616111798582771,0.1795510812122795,0.8204374313358451,0.8485653560742924,0.9037013783015811,0.9510973162847306,1.0497222006507148,0.5105388331847366,0.3718784805022754,0.6589817439060129,8,True,ok,10,ok,0.1449983580991289,0.6625104627973175,0.0955512708836725,0.1613909182814999,15.78070007587343,0.1593100620393608,15.878825259463516,0.6635728078084308,0.3364271921915692,0.0981251835900873,0.0497488438495895
159.4292667954001,0.2559411697255048,0.0280019007062358,25.03981670182858,69.5485814217476,10.753456869545987,0.459272265597856,6.9623670355929415,0.0817247417688867,0.1555999799250825,0.8443971919789172,0.8846574254449107,0.9298623855079614,0.9629112532131952,1.0560401594197952,0.3662520854214064,0.2825880804623424,0.6389309327345455,9,True,ok,10,ok,0.1248620007111496,0.6775785355433886,0.0797781945774763,0.2025344721385125,3.240825423149488,0.1983440017748925,3.264194148622638,0.2983770014123484,0.7016229985876515,0.02336872547315,0.0549507340111119
170.97078266007156,0.1507382478515638,0.0214632751785045,49.94304568077248,27.29045707023917,64.3256610641712,0.0171334177707002,8.74899407661734,0.094859416157624,0.1962924135004421,0.8036932380872235,0.8705951138545858,0.9303541701619406,0.96270312161906,1.069240577629377,0.4544444886929941,0.3258149093755195,0.684906627150009,10,True,ok,10,ok,0.1294823140261797,0.5301094023493961,0.0886832949752491,0.1835058910421309,9.889022487647496,0.1901250313983611,9.91639158844243,0.3548978305407327,0.6451021694592673,0.0273691007949351,0.0497491525154184
96.96961763497856,0.2693948247596309,0.0188335081058282,31.925435194973296,37.935284583799344,76.52459952296694,0.589707937845623,0.8393909009458154,0.0448009758199045,0.154538828546915,0.8454491236406877,0.8662813456357682,0.9147833249068156,0.9549700821038112,1.0312660501516735,0.4491896106751307,0.1649012212855623,0.6206222426818161,11,True,ok,10,ok,0.0507335996938107,0.2775311173296065,0.0314864004212943,0.1594545773096637,10.117795927956925,0.1545293951738062,10.304633548229951,0.7751581676006849,0.2248418323993151,0.1868376202730301,0.0541939886066658
146.50412709425802,0.3191579623854231,0.0317745841455502,46.15034201175578,25.294582892908856,75.1490469034713,0.209338828220547,3.542464353524209,0.0229107233796471,0.1502117033655141,0.8497764438682043,0.8821359871994071,0.9280198863254596,0.9678598264129118,1.0267827919777406,0.4068621507029326,0.3106663629364147,0.6167437971327508,12,True,ok,10,ok,0.1256970462725119,0.7110362165337157,0.0775228736064801,0.1720145171613353,4.778943205164012,0.166581740287447,4.827695925717388,0.4621743286931979,0.537825671306802,0.0487527205533753,0.0567328452313451
133.51253774253962,0.2724060469763966,0.0157681973082354,47.0250106434141,33.67739765962701,93.27298262920893,0.341198278748405,9.272937463761895,0.093419060851213,0.2214470989529693,0.7785301146487208,0.8469396667696676,0.911408736976152,0.9528305537455376,1.070435104373798,0.5353914690884727,0.2121664979424777,0.6715410805220821,13,True,ok,10,ok,0.0838061860487984,0.2946027606839423,0.0562792967336447,0.2089807574192173,0.3909501855818575,0.2209224997632178,0.4003029427515709,0.1545243103999521,0.8454756896000479,0.0093527571697134,0.0511733642250747
71.32844999108706,0.3093932437937372,0.0304765317240438,65.2403570192587,47.80876576072662,47.76338926390771,0.5790993933563772,1.543326217650526,0.0435464910995056,0.1944571069276641,0.8055331919371496,0.8732765689238602,0.9187253161103984,0.9579348626888932,1.031104844954987,0.4188509201015153,0.2461365313398847,0.6587008135086003,14,True,ok,10,ok,0.0759855679595666,0.3147524130690959,0.0500517554298795,0.1532978049032193,8.758264777625044,0.1448622996177048,8.93679825182899,0.7723273449585215,0.2276726550414785,0.1785334742039458,0.0526294845716936
178.92186255906483,0.1544522674643929,0.0226231571393744,52.35360140432552,70.60491421138568,22.85619152445661,0.3705561251694417,9.467694895866911,0.0395038034523033,0.1934256471846512,0.8065680286648755,0.8768921473577088,0.9231942352962774,0.9676276392821976,1.0435852561735588,0.410572688450327,0.3819920543417445,0.688104770518325,15,True,ok,10,ok,0.140735020227441,0.586833536594094,0.0968404387974951,0.1566738364257743,15.176318650639724,0.1511045637909931,15.300477699484407,0.7156323805436687,0.2843676194563312,0.1241590488446833,0.0493365226530167
124.02610879487706,0.1961471704742494,0.02486298540276,30.208419852500263,72.01141150582072,97.70624740904886,0.6020239212896907,5.172366704418017,0.0239936937057312,0.1525262326347441,0.8474579822199289,0.8537670420125334,0.9053743659881685,0.9564747881912488,1.0310921194646747,0.5022819381795876,0.223388012216813,0.622339510566087,16,True,ok,10,ok,0.0845499158149073,0.4697230448116392,0.0526187532266532,0.1829299349257944,9.64770738878526,0.1794514537327436,9.695320261663728,0.4711214933644672,0.5288785066355328,0.0476128728784669,0.0534499602740695
123.4972075630983,0.1278117558527662,0.0263336777066134,60.20190812133748,57.86561139374008,86.94877164385223,0.8657309993518102,5.933575249272374,0.0884724579877104,0.2133384843806641,0.7866415136713405,0.8310071246683327,0.8934908879749691,0.9408353817734422,1.0613799464108569,0.5729382750138349,0.320187486692643,0.6808637002736031,17,True,ok,10,ok,0.1247199346762643,0.4598358372659145,0.0849172762215634,0.1802938258696244,12.298055558720856,0.181188085797699,12.33173636583358,0.4118157409410385,0.5881842590589614,0.033680807112725,0.0481053019751916
177.81434117530455,0.2988135151865255,0.0262248019524171,43.37487353805254,48.49970646013736,66.2103196290302,0.557680721637621,6.729381123906605,0.0565008547755607,0.2314802571301165,0.7685027284266043,0.8538775446140402,0.9087816368090844,0.9547891542808572,1.0480016266815628,0.4983081393386438,0.4542330649918993,0.6829406385532348,18,True,ok,10,ok,0.1940359397332705,0.6441421451075775,0.1325150285837167,0.159218530236093,5.443873797345464,0.1529725535826892,5.488553966239657,0.4676050115524843,0.5323949884475156,0.0446801688941923,0.0508709218562057
172.98851502418614,0.1596032180756528,0.0176122459934755,56.49278276462088,64.93042126906172,77.34532626685662,0.6489109055471127,3.440323666464141,0.0978978327997636,0.1908768086573585,0.8091076461076349,0.8486717887363395,0.9081151089318324,0.9454684330975514,1.0603843198303446,0.5114264597098774,0.3065304624806965,0.6647997204690393,19,True,ok,10,ok,0.1045388807423303,0.4430937436700371,0.0694974186956474,0.1572252963429076,14.455806965084784,0.1535692517377391,14.582518408240135,0.71879209305813,0.28120790694187,0.1267114431553531,0.0495724146932414
118.9027213253616,0.1892881425387486,0.0193381119237862,53.55775710382154,66.938591987629,87.20484050104122,0.6600113323349083,1.649266759852063,0.0837116166809363,0.2296265031368952,0.7703529402089601,0.8526676086978145,0.909146387558087,0.94667675066334,1.0506752504365842,0.4970773051552787,0.2845644639381972,0.7009262462691546,20,True,ok,10,ok,0.0949126398371566,0.3183852265649623,0.0665267603645544,0.1672577376850789,10.173975742073615,0.1668943014412747,10.218970898944349,0.4811319955531517,0.5188680044468483,0.0449951568707328,0.0485242043162164
106.96040460247951,0.2652231110917959,0.019605584704432,34.80534778513024,26.443771325379025,26.33740925440832,0.2339874572766568,2.778812560903328,0.0986540553131495,0.2146389393945892,0.7853547607227186,0.8892091008458101,0.9380450031236868,0.9614314594613842,1.0571202483366149,0.3631037131932842,0.2768655111294607,0.6980375320915609,21,True,ok,10,ok,0.0809061240267753,0.2960233820698393,0.056475511146744,0.1475062376682479,10.330567565582754,0.1433941528786416,10.497736374124624,0.7685145758966393,0.2314854241033607,0.1671688085418699,0.0503531666878531
169.78051710545964,0.2706767105143123,0.0287651866178533,65.6448985594956,54.686345392071416,72.85294577675926,0.3576728914133278,1.0845264883395125,0.0321167125592436,0.1913230764797948,0.8086627080883289,0.8800139495783648,0.9253302898591348,0.9629364262225822,1.025943271471618,0.4068139793897878,0.3987986738138558,0.6660878807180972,22,True,ok,10,ok,0.167962360775377,0.7098715371399077,0.1118776929292793,0.1686590798221255,6.461969189395809,0.1616567257381595,6.507769517275579,0.4643271332004608,0.5356728667995392,0.0458003278797699,0.0528377326705207
115.95363514171152,0.3324339637605005,0.022299393000363,28.552248208510434,68.74530688170044,6.958360662950495,0.9395968708413948,8.320162382030512,0.0359763048135849,0.2278997174019454,0.7720965864331641,0.8708680481549204,0.9100130653870252,0.9598776148113348,1.0373240690084111,0.3994335545916012,0.3062694271148468,0.6892788823340124,23,True,ok,10,ok,0.1059218455932519,0.3588445391462591,0.0730096913452725,0.1653741788080317,4.767564351435215,0.1595205488805228,4.814712679504245,0.476138317373026,0.523861682626974,0.0471483280690299,0.0518740071405348
97.85472201464268,0.1760404061995515,0.0300781891790028,67.84696709976582,42.78828835560826,62.70006169498452,0.6805230337751352,0.0030618925515636,0.0028360000890068,0.2448093782387954,0.7551751038665039,0.8735307905177522,0.9138662439263634,0.9600583981895328,1.0102835742062517,0.4185708373746192,0.3936655412711928,0.7336169205322355,25,True,ok,10,ok,0.129522838186733,0.3995199194424093,0.0950201456891461,0.14635263330064,14.06892234354184,0.1418595374227603,14.199192605005782,0.7364999639686928,0.2635000360313072,0.1302702614639427,0.0466072237187724
153.25221434079577,0.2950184499449435,0.0130607004759432,36.5983414665952,40.24203662344365,29.198999777038264,0.1025228462359364,4.39996816215984,0.04149522003062,0.1800629787918727,0.819930952612786,0.8985775881610876,0.9405584824852614,0.9727526251779076,1.034856793602739,0.3385660078347122,0.1977530190852359,0.6636033542823456,26,True,ok,10,ok,0.0647842737521976,0.2949903498836339,0.042991061366704,0.1744066884404631,6.049389692792623,0.174063730295991,6.100598003182713,0.4817512847724017,0.5182487152275983,0.0512083103900901,0.0550878470021687
83.83333660273897,0.2500604877342026,0.0230853111566271,44.00737808966733,67.96457776817462,12.778818772217264,0.6725415118408832,0.9935655117510628,0.0314521889975549,0.2381673858842214,0.7618291737558668,0.8937009496921177,0.9276682778694434,0.9642591861709612,1.0218243951457555,0.3254752439597898,0.2935577181169395,0.7298515600214908,27,True,ok,10,ok,0.0828511129775742,0.2650131249902155,0.0604690140561993,0.1455177828302356,11.278860006382892,0.1388362654527459,11.45651014026084,0.7858604078995224,0.2141395921004776,0.1776501338779468,0.0484079956475968
129.1888011872546,0.2641967726630944,0.0282313052107221,66.62175057459953,49.30065045536556,17.82771333477201,0.9184742830607684,9.835608548725329,0.0046905304513965,0.2126914663463391,0.7873024543757666,0.8579017218083198,0.900294140195923,0.9604339498872966,1.028142201187969,0.4610810817307124,0.3832360862666903,0.675806004330476,28,True,ok,10,ok,0.1394362207748846,0.5161248030519847,0.0942318352208168,0.1516527215775266,9.387336928104226,0.1436053158620656,9.505937500480671,0.7002784034176084,0.2997215965823916,0.1186005723764456,0.050761458206866
136.29812685936687,0.2857666621167429,0.0306972776633829,64.16210359498292,28.99976880587465,81.12895151305533,0.0774848417333585,7.889137358462225,0.0369442582779662,0.20674026674179,0.79324131197428,0.8744465329682759,0.9266961832552524,0.9686416330877192,1.04195503379291,0.4433007287651339,0.4147689057326807,0.6730225953552522,29,True,ok,10,ok,0.1554929907997348,0.5965575870235881,0.1046502962275879,0.1476595919563522,8.784816982380157,0.1399136587579283,8.912062145705978,0.7114155610051273,0.2885844389948727,0.1272451633258213,0.0516167709647954
177.28476185811678,0.1944244727651013,0.0273766253677585,25.87661748744259,34.54090138085631,19.61344855298858,0.5931002849756909,6.59294268681349,0.0895976585832645,0.159299555266772,0.8406961754717326,0.8679702879432496,0.9189164337251872,0.9553413777432924,1.0600614182740264,0.4291738277336817,0.3535347238423829,0.6418310898114383,31,True,ok,10,ok,0.1389744049024586,0.7334114609986996,0.0891980937544411,0.163105535108359,11.839253164497832,0.1583786460369018,11.936407589932289,0.6486113372438084,0.3513886627561916,0.0971544254344529,0.0526339298651912
107.6881813615676,0.1231878097125142,0.026014154461494,35.97134509857381,58.59077820237834,58.87452093801798,0.2950458755103113,4.535337267412885,0.0824022573136753,0.2473202540292236,0.7526639894539487,0.8706126137674679,0.9250181986869856,0.958095886174118,1.0550187416624086,0.4411581794325329,0.392166357205653,0.7424416737205719,32,True,ok,10,ok,0.1245438847692675,0.3789973686628883,0.092466570259757,0.1433174753647056,18.19691938940921,0.1394715058673662,18.370548170853564,0.7943627196413219,0.2056372803586781,0.1736287814443538,0.0449474144812962
81.90786619702328,0.1403474158376503,0.0309619280771641,58.23956193747209,37.01000654899028,60.60982440217947,0.2528035275371752,6.229769260184982,0.0751935522966022,0.1716654391257709,0.8283230426556185,0.8690747102344776,0.9240988800865872,0.9600784860315456,1.055225594228055,0.4503284989782123,0.2449715580745227,0.662155699379342,33,True,ok,10,ok,0.0782569498223776,0.3775814517482848,0.0518182853409305,0.1597094762825919,16.338514433477595,0.1566496186176186,16.485967632786025,0.7461859492232275,0.2538140507767725,0.1474531993084288,0.0501559884039988
116.57346713275786,0.2165558081261512,0.0270737355874897,55.95694133304824,51.66399262371769,31.77440718456992,0.0821121831443359,3.873855435668325,0.0653477996984522,0.1735436818072331,0.826450117190407,0.8959168899440143,0.9414681541554104,0.9692416841057392,1.044715557279994,0.3483760607299422,0.2921268758715849,0.6695673515900973,34,True,ok,10,ok,0.0984531284192958,0.4688369603173922,0.0659210004514676,0.159737800214465,11.881502373283034,0.1532864797546446,12.012956094609994,0.7162700263846364,0.2837299736153635,0.1314537213269593,0.0520716482748796
119.98165079345767,0.2271123116684326,0.0149780950339183,40.152631652542354,29.11963224919832,81.75278617634616,0.9559050163262728,0.2163315999586567,0.013507907635274,0.156331538983051,0.8436554961454032,0.8530918207973424,0.8986027006672294,0.9501555905586908,1.0160794607909354,0.4871913926962234,0.1197688586196566,0.6219002887840566,35,True,ok,10,ok,0.050502320393634,0.2725171599751937,0.0314074076370659,0.2308260977919597,0.5284304618317321,0.2479766312415285,0.5376085921224388,0.1441862964891447,0.8558137035108553,0.0091781302907066,0.0544765339470815
94.53694965208534,0.1777489315070907,0.0208387911617491,67.4245826545999,51.40210122950687,55.62769330709512,0.2618533690798945,3.034706118329769,0.0678811304185548,0.1707562716108239,0.8292336661105492,0.8791684250367853,0.9293064301604408,0.9614058800694032,1.0453621673813358,0.4096842577259883,0.2025329082385289,0.6619763344882506,36,True,ok,10,ok,0.0604691218549904,0.2936353463836754,0.0400291276352899,0.1576134578755371,14.496877268535949,0.1538610354332955,14.677535519411006,0.7801126561239687,0.2198873438760312,0.1806582508750586,0.0509214440021771
131.3752509464548,0.2223168233688926,0.0238636762939799,37.68896642402248,53.494435145573625,85.84403984160993,0.5206734316214348,5.876376991217346,0.0992078137517007,0.2466672752726708,0.7533099697699833,0.8470118123021998,0.9092275292037488,0.9479199916542308,1.0660690703676912,0.5250166984259329,0.3776286644631975,0.7070985883709644,37,True,ok,10,ok,0.1390144050847357,0.4245041325518162,0.098296889598646,0.1620035029533228,8.4363661973028,0.1600763844890964,8.480272129412398,0.4769901360656967,0.5230098639343033,0.0439059321095982,0.0481419506238741
166.23795293718632,0.1556504103740734,0.0178257410904113,32.07915075237638,53.780443287537416,17.83458650325509,0.6375200752387251,7.085285194366292,0.0594286871291643,0.2110980872407942,0.788896517504799,0.870608190240118,0.9170590057299643,0.9592451044425774,1.0472745158396883,0.418831475293171,0.341130012268632,0.7026919269810391,38,True,ok,10,ok,0.112442495038301,0.4201990971763474,0.0790124335130196,0.152607273552799,15.112148519329534,0.149756753370024,15.23882367519854,0.7241658020615493,0.2758341979384506,0.1266751558690071,0.0482504696001731
114.92132013606717,0.1990075758604678,0.0143276210733981,30.70935680528565,69.1662416195489,49.79503870354259,0.7398620892091091,1.8707044016888952,0.0783679705363469,0.2225001063362108,0.7774882327999662,0.8584891990975321,0.910601920713304,0.948471458483902,1.047517713026901,0.466745454542283,0.2372138634280567,0.6971372337268598,39,True,ok,10,ok,0.0658544270492586,0.2301048737910278,0.0459095731017874,0.1476270627353127,13.250004630702854,0.1439683029081598,13.427688320241558,0.7866770317888175,0.2133229682111824,0.177683689538704,0.0481824313199039
149.42492649606237,0.31757208269978,0.0199014974803411,44.37347763612279,54.98819039143811,74.90642838056957,0.6966648895150221,3.419413835296776,0.0499269923115692,0.1847376518292051,0.8152477485846947,0.8540801871639625,0.9063059051983924,0.95164152112623,1.0386870973264632,0.491996676984233,0.2823865066494854,0.6335083966471677,40,True,ok,10,ok,0.0987542615136488,0.4357683803331274,0.0625616538735867,0.158984533357101,7.489002333526418,0.1494461302979405,7.666798483563739,0.7688559236766414,0.2311440763233586,0.1777961500373211,0.0534515318262799
78.7885349100874,0.3470252664034392,0.0278673913698414,33.03361204304555,58.928452917272814,90.85075579365942,0.7636877083686451,2.228537267421828,0.0620153038617792,0.1603739337602036,0.8396110148593481,0.8485879649480563,0.9032171160990776,0.9471198833097388,1.0421582126333555,0.5106449784852982,0.1913823129171511,0.5999947004206201,41,True,ok,10,ok,0.0632981737923633,0.3313559462324907,0.0379785688217214,0.16046489360086,7.38878847105045,0.1502695121163769,7.564433825093985,0.7588337998615734,0.2411662001384266,0.1756453540435349,0.0558221347209035
179.58308130655234,0.2806881922785108,0.0106474333657848,67.07243220105315,34.88751015939435,9.218731812329564,0.2042392858057094,6.203536942174148,0.0800658074947905,0.1937800214778142,0.8062169503698026,0.9019804937189728,0.943841460687995,0.9702938878209236,1.0534727908208898,0.3089677907760019,0.232461399534545,0.6842368748240856,42,True,ok,10,ok,0.066601411817696,0.2770891841595772,0.0455711418810122,0.150466316261539,9.979949484205491,0.1464526805257843,10.161624262045622,0.7774659754494412,0.2225340245505588,0.1816747778401305,0.052000757266222
165.1663558432133,0.1646003462177372,0.0152728893242777,48.9635947194174,41.254150377146345,8.7855257980368,0.068009571547546,4.916002206119386,0.0748673179725512,0.2340767969519014,0.7659199798744657,0.9135414806656804,0.9523254761016908,0.9747140575323784,1.0484645396931072,0.2697735935423057,0.2567863020517037,0.7537051561253894,43,True,ok,10,ok,0.1061364205479575,0.3472829720641835,0.0799955674196883,0.2315302685790763,0.7934561222542484,0.2531898614588204,0.7998110884362791,0.1171599397322161,0.8828400602677838,0.0063549661820307,0.0478868352097744
119.88363552993086,0.1288286512377605,0.029309138734071,40.43653199527616,25.38489691285724,95.93719847597328,0.0309829124137071,0.1701562982651119,0.0002710005735375,0.2097514256308261,0.7902284072769556,0.8986965121697278,0.9387508649689204,0.974407182923035,1.0103733005268587,0.3533708186597596,0.3620810271272511,0.7221961228620364,44,True,ok,10,ok,0.1324850690269449,0.4990831395524754,0.0956802031883689,0.1685706026257194,14.341067057373811,0.1714867904032989,14.383798579132277,0.4694235130273338,0.5305764869726661,0.0427315217584621,0.0482982638670694
144.50642946090636,0.2758359100159024,0.0230666206422136,39.123877566703264,56.70433283461536,12.84116344010507,0.4657105912269211,9.11473148338558,0.0540887016620807,0.157065993705661,0.8429304845436251,0.8802658486239023,0.9247499017501616,0.96601002751471,1.0482629396968297,0.3873228887232023,0.2690955693295067,0.6330792702725644,45,True,ok,10,ok,0.094106657204748,0.5050335192407925,0.0595769738709722,0.1618201082861866,9.12538234473141,0.1536167587266169,9.25509352496388,0.7037085461005659,0.2962914538994341,0.1297111802324708,0.0546139653853202
118.88436112498992,0.1629649534919165,0.0258238303225086,38.38662621846535,72.32102208926645,37.81835708967222,0.7005041950002825,8.964021607833661,0.0120859180515701,0.2417289615291402,0.7582595599378539,0.85732740285961,0.9043550281277676,0.9608543681475524,1.031294762046756,0.478240754130035,0.3918421463222072,0.721356626683222,46,True,ok,10,ok,0.1333988223087823,0.4184278487872433,0.0962281244641777,0.149350676508014,14.540615822849237,0.1434959257106965,14.664097766861111,0.7262931062551538,0.2737068937448462,0.1234819440118751,0.0465347378874774
82.34308069182983,0.3498538825980389,0.0239067826317791,32.70430124756949,40.19570887215956,10.060138418794711,0.9825018121489604,2.385527714400684,0.0880286897693976,0.1684906054130915,0.8315071320363799,0.8700463792475321,0.9137751477227908,0.9492142739203636,1.0495915167492311,0.3975091761980871,0.1922221936545631,0.6266278455987392,47,True,ok,10,ok,0.0596193265459621,0.2942195466746821,0.0373591301495439,0.1569947550042222,7.574795932956327,0.1490405160285203,7.762024573585497,0.7720015210179086,0.2279984789820913,0.1872286406291698,0.0552950274360211
158.4898355586729,0.1981456677012922,0.0172643348913267,57.76421378010507,47.59276341454925,19.65319373957537,0.0204265281753676,7.965380220139979,0.0319153730207786,0.2286463693973497,0.7713473108708638,0.9017918343185488,0.9426093143442144,0.978300129977119,1.0368534386457822,0.328302080053414,0.3341079678670013,0.7320711592389824,48,True,ok,10,ok,0.1124565819825117,0.3793661138747831,0.082326220335991,0.1640798167949841,10.094736226301574,0.1648917517007048,10.13941242426595,0.478249845298919,0.521750154701081,0.0446761979643762,0.0487398238148936
168.8270514149014,0.3287979188057651,0.0214316302745376,41.17216982347861,45.47788852223303,25.83583450474025,0.3241182707234694,5.968362914761586,0.0765153233615092,0.1651385643388013,0.8348561298668047,0.8803704904881575,0.9293853514664984,0.9625993102950186,1.0534967951152696,0.3960451134942472,0.2826137555869832,0.6305251084909212,49,True,ok,10,ok,0.1074031456894271,0.5429579340333754,0.0677203800880922,0.1719012899450537,4.706683134614469,0.1665684881790717,4.756582190480697,0.4713193938306387,0.5286806061693612,0.0498990558662283,0.0559719448169278
83.24567326305522,0.2965845620218051,0.0225577476506041,62.25130327792424,65.43086149883467,28.305412183928063,0.3355640039038238,9.068338202737932,0.0844604893426519,0.176062677453021,0.8239306830937532,0.8693304787771352,0.9233619488280412,0.9606445133386844,1.063462821874598,0.4394106115567894,0.1952451834541666,0.6391755520745148,50,True,ok,10,ok,0.0594289945572688,0.2781028116739868,0.0379855604053756,0.1565675636889387,9.292815064982538,0.1486170828124836,9.489403459646372,0.7863868590089685,0.2136131409910314,0.1965883946638347,0.0534010251893684
177.02865141385348,0.181699420067702,0.0181737420120232,26.922364272934843,49.3575372113101,94.96389911117647,0.3521536396138247,2.7315095824165123,0.0833456797298552,0.1970580078506628,0.8029226691974608,0.8639483159193433,0.9205545477400024,0.9539713769925368,1.0528577470663236,0.4679320024381171,0.3321038065287161,0.6764524916428848,51,True,ok,10,ok,0.1139677280315113,0.4643216549604922,0.0770937535937945,0.1550437650923348,13.236648167121787,0.1515625181015378,13.35777786598652,0.7087431003111314,0.2912568996888686,0.121129698864731,0.0497780656151718
163.7480485762671,0.2343148534917605,0.0273375847846551,50.96877570578927,29.52731213073389,42.55609732428391,0.5790622654880978,5.749065167197087,0.043772351073292,0.182674900335859,0.8173161693067018,0.8646877662081667,0.9135195100243664,0.9585136516585406,1.0393732639346809,0.4524513136375152,0.3808658641137034,0.6543327093691016,52,True,ok,10,ok,0.1469919953197704,0.6576331034748266,0.0961816705531557,0.1563525668665615,10.146403720047743,0.1509330273100552,10.250015551771131,0.665437921978055,0.334562078021945,0.1036118317233893,0.0520928979009711
153.53027125664562,0.1249040741425348,0.0255496578066868,20.46000015626338,48.55753574051246,32.54318145484578,0.7790015291643342,0.8848489287128507,0.0515735223752868,0.246189914834609,0.7538016634510357,0.8702091726446026,0.9143655701712888,0.953759995846128,1.032589357953693,0.4178906058080086,0.4643132796536692,0.7434015566527915,53,True,ok,10,ok,0.173588727191736,0.5314880398773723,0.1290461300117133,0.1488828797033839,16.927434374717702,0.145870105222455,17.02979765065752,0.6920054245754543,0.3079945754245456,0.1023632759398196,0.0455593736588009
111.99991698154724,0.2493890803935173,0.0306170373818697,20.74938740624331,38.11521436390628,21.91780079568622,0.1833226815691348,8.76613884854863,0.0420748330331228,0.1961628430911841,0.8038311017119724,0.8883176790974798,0.9330633627609716,0.9721402033971396,1.043252154405468,0.3737142717587078,0.2402911577836281,0.6810280119541076,54,True,ok,10,ok,0.1209116972991731,0.4954535795330537,0.0823442528336527,0.260341069394476,0.2254904615216446,0.2732436312867358,0.2300199366532547,0.0797063809450352,0.9202936190549648,0.00452947513161,0.052297532667597
117.80992123530952,0.273041366522854,0.0122504476064014,69.1470139968022,62.65781103618583,98.40132794347824,0.7257149118420658,1.8263655255620732,0.0779273744474966,0.1874440221342336,0.8125370528423057,0.8477358043429489,0.90475885125656,0.9452544491355994,1.0486854783129873,0.5148745858728206,0.1681163242144313,0.6399046655116714,55,True,ok,10,ok,0.0486302567685754,0.2107823765325937,0.0311187281912419,0.1539836307655848,9.93063829793963,0.1491783600298302,10.133478241964244,0.7961155768329908,0.2038844231670091,0.2028399440246138,0.0519471119346813
87.90798142215918,0.1875186981591951,0.0190863131602626,31.360815223805364,51.26661497580319,56.62686263114858,0.4017874538897809,0.5827612734314971,0.0522463051124763,0.2139153646368051,0.7860723106870848,0.8803436176119264,0.9265167697467996,0.9601580051536546,1.0334605049403691,0.399663961625233,0.1613963042961511,0.7048069369162188,56,True,ok,10,ok,0.0645170724790673,0.2370664798244277,0.0454720802327731,0.2362696884593711,0.6649206206842528,0.2531063164233549,0.6722986446873775,0.1273596295492945,0.8726403704507054,0.0073780240031246,0.05055260934776
162.60001794250508,0.3326775897837028,0.026354196188707,56.35758089446456,28.0203107704102,67.0045201629619,0.3937212192013052,6.089040045560349,0.0086406419953316,0.2272993998325584,0.7726838953248842,0.8706517715420028,0.9170057825824394,0.9660035385066892,1.0252093028746114,0.4442715903291644,0.4544236488450868,0.6836879001493735,57,True,ok,10,ok,0.1750885993407766,0.5951542287730359,0.1197059568233905,0.1437177385050151,6.937033453837728,0.1353032318938138,7.046190756314989,0.6795270408332387,0.3204729591667613,0.1091573024772611,0.0514798700235006
116.51521233849736,0.172951335740733,0.0163703430721044,59.73192104879911,51.9880868441354,83.24146293284285,0.2998865355847498,3.021558673988996,0.0487231603289308,0.1665249891685982,0.8334605946961583,0.8732883260195076,0.9237418436250474,0.961177182415122,1.0375754115543647,0.4358006692849427,0.1615238315670126,0.6539423711044159,58,True,ok,10,ok,0.0570971881050314,0.2857477259911901,0.0373382705727991,0.1938243399879112,8.497671985438856,0.1995569246834307,8.525929164945842,0.3510504907792507,0.6489495092207493,0.0282571795069852,0.0522360265963899
123.35359723005332,0.2355811055992636,0.025934651906575,45.2773258982252,26.28782692032333,31.048510011491977,0.0493826137337041,3.723974558898072,0.0010841708615985,0.21535439966167,0.7846381010348876,0.9079558561351,0.943384191770788,0.979820793042502,1.0154486323994818,0.3081374468686539,0.3733709707193818,0.716043240443613,59,True,ok,10,ok,0.1238392786236251,0.4511894484572339,0.08867427835986,0.1488221670360137,11.169639295264954,0.1444127750274256,11.298337951409176,0.7206382134244704,0.2793617865755295,0.1286986561442233,0.0498911740184705
162.2011618118604,0.2176187213229293,0.0164819772295263,35.94863321413203,69.72402028838482,44.68798798275864,0.2182503299769789,1.4266237014032046,0.0579170085672436,0.240541879765616,0.7594469747242568,0.8905844348576869,0.935773771914942,0.9651533973077172,1.037197018521175,0.3658013950030053,0.3675121394642348,0.7328082888652993,60,True,ok,10,ok,0.1155929621436095,0.3649371081438317,0.0847074807933297,0.1457814519445594,12.109707982212928,0.1406220568905818,12.247332941773074,0.7422579059112326,0.2577420940887673,0.137624959560146,0.0477889760330232
173.28771655489993,0.1865595291252978,0.0166509626225518,43.16487707753242,63.34314146950102,88.33777253744218,0.1720978326427604,8.117812641749737,0.0967399941347885,0.2029944639541994,0.7969859192655604,0.8587164323280319,0.92127523432863,0.956851197152701,1.069502765808559,0.4960578091354699,0.3166773647921109,0.6767949881370784,61,True,ok,10,ok,0.1052908387311139,0.4133472692769886,0.0712603119499672,0.1537646499596012,13.099449758851602,0.1496526286133425,13.23064618385048,0.7262750433857742,0.2737249566142258,0.1311964249988783,0.0494464680671731
174.31792445922463,0.2319770008274518,0.0317122850754937,58.6429946475403,34.31659943513026,77.14556827912412,0.0031785075996781,8.28527704270553,0.0538337104617782,0.1818371222989125,0.8181473412967103,0.8754998975154729,0.929930529634168,0.9682351907630812,1.0502398397842754,0.4407904614851387,0.4339317198927898,0.6585810276964936,62,True,ok,10,ok,0.1806951672693178,0.8129398367926225,0.1190024089600171,0.1552398358554085,10.23695313976722,0.1478164943320041,10.337446338283264,0.6584823058338382,0.3415176941661618,0.1004931985160431,0.0521201634918977
127.4568091642411,0.2162309937019458,0.0267097850287812,41.5942441903851,41.61663056210636,13.69352483864165,0.1299576781928845,9.916844487039803,0.0199234705638075,0.1673053516995811,0.8326906763223639,0.8991370989007572,0.9380729209703322,0.9792049170270356,1.0346222989012217,0.3324305179512317,0.2921596208299906,0.6661321708259041,63,True,ok,10,ok,0.102378998669417,0.5095354865428726,0.0681979446306411,0.1652290581731648,11.229341721820454,0.1585645171090698,11.378691838112417,0.7404931953453309,0.2595068046546691,0.1493501162919631,0.0523399427534995
160.0580419077915,0.2299170719943674,0.0308297058436028,25.696061285210572,55.61779698998251,93.50535566405166,0.2752707941799583,7.650036199117446,0.0567950430600398,0.1952204088815658,0.8047597877743307,0.8597442221038218,0.9167858211461366,0.9599590076770012,1.0507138281790502,0.4911480267811035,0.421554201291993,0.6619290336943895,64,True,ok,10,ok,0.1731703166347731,0.7137899804305335,0.1146264603546068,0.1572874714797715,10.147812011416487,0.1482673014772199,10.24357930582682,0.6514678255715929,0.3485321744284071,0.0957672944103307,0.051235045001144
122.43647543569044,0.1950844688450185,0.0118251127456565,52.21281521743671,59.538387827738944,81.52749368190052,0.4989290466996784,0.0540065670079658,0.0869870719733479,0.1928520363223023,0.807132133000377,0.8653718138557396,0.9194366887128907,0.9505728828503326,1.0488145275964915,0.4535545812681306,0.1818433553571518,0.6718023912817346,65,True,ok,10,ok,0.0501918595592066,0.2100477559870404,0.0337190112747519,0.151709877278947,13.652420772635288,0.1489481617074208,13.84786700191026,0.7967293351449308,0.2032706648550691,0.1954462292749707,0.0498644686666553
86.18467496758555,0.288432829027884,0.0210987925890963,54.05299156897591,37.0575109375984,36.42073864990475,0.0731129912702224,1.2057993826912086,0.050574207920475,0.1713048620183178,0.8286886796046868,0.9029548935552232,0.9445825009982908,0.9709645355187774,1.0330185957341544,0.3230131656372241,0.1916758975267976,0.6591175727551778,66,True,ok,10,ok,0.0559926487956742,0.2708546877753546,0.0369057387663379,0.1556366687169935,9.82689988631802,0.1499210197770386,10.0260600777489,0.7881080157302632,0.2118919842697367,0.1991601914308789,0.053546528277252
160.754449871569,0.2684371209650544,0.0216956945066261,42.58822340613163,39.35201440377638,46.49066431341399,0.2847128721656424,5.493884405996104,0.0412775181822741,0.1585424330591622,0.8414492796117582,0.8789182804617479,0.9263047419755052,0.9657781325973808,1.0379276191424704,0.4110583841718629,0.2220369702550536,0.6329064780368627,67,True,ok,10,ok,0.0993944373373527,0.5274991970401288,0.0629073832716395,0.2204120261013937,0.4184102592142302,0.2282275123626422,0.4286689387400967,0.1568001347891667,0.8431998652108332,0.0102586795258664,0.0551665163112434
139.7699980890925,0.2784246842273321,0.0253617159212837,24.957936988132538,70.7088979327578,61.15490612849614,0.3458250664735218,4.785961205240332,0.0111449676777914,0.2082221470608176,0.7917640496667959,0.8774877532726018,0.9219927360039202,0.9673125202993206,1.0235352010203558,0.4184873662827449,0.3756539829333654,0.6795031805583694,68,True,ok,10,ok,0.1326800423700264,0.5044819950097895,0.0901565107870521,0.1498423043008325,9.51460181583867,0.139956905470567,9.66273530497069,0.7431414853318075,0.2568585146681925,0.1481334891320191,0.0512006781240029
143.62850269385,0.1481583065614053,0.0234337889545144,57.27899281372675,66.38983988237834,92.95917002531488,0.5605151060649709,2.9457128124478023,0.0379395678577555,0.1835858607741193,0.8163964278342278,0.8601716091277322,0.911062828181334,0.955687618932451,1.03280765845579,0.477024133284761,0.3092466590296212,0.6669558474569266,69,True,ok,10,ok,0.1110763430971791,0.4939028617566915,0.0740830165427954,0.1654766177480294,14.713507270635546,0.1595046381133207,14.85643174137958,0.7422261970085873,0.2577738029914127,0.1429244707440333,0.0496374077238318
175.75537803021825,0.2253105534468741,0.0221953338769097,51.20472998972542,50.39310841690454,91.75416269508467,0.5331661412317856,5.200074903685442,0.0344918003939556,0.2218856489997962,0.7780927178353946,0.8566440643138487,0.909037846179273,0.9569584291269072,1.0357369188979328,0.4927626323834664,0.4163199258618442,0.6882956939313477,70,True,ok,10,ok,0.1555962619323228,0.5455806458940065,0.1070962370798318,0.1501488055592556,10.794615154598702,0.1442111595162994,10.904454134607432,0.6901293185902553,0.3098706814097447,0.1098389800087305,0.0493181185957765
126.52710733114148,0.1668579195853648,0.0196596859336011,38.87551734421612,46.07872016573461,56.38793101165088,0.1352373742152456,4.320558241498059,0.0104929846401312,0.2329283836708636,0.7670574432358928,0.8906616479703892,0.9329453395373324,0.9731072616926356,1.0221381020734406,0.375867668450824,0.3420461279912593,0.7334299575150229,71,True,ok,10,ok,0.1041516830256123,0.3429614785727772,0.0763879644565929,0.1469385351158419,15.003423236104055,0.1440226899116075,15.146320008352289,0.7522307990525164,0.2477692009474835,0.1428967722482311,0.0470672287315465
99.82005455876356,0.2857994058134456,0.0220207134884714,69.8430181311788,33.10490811748716,59.65209341887463,0.1693487292408023,1.9659306653026365,0.0461847041663508,0.2233524136319641,0.7766337851564454,0.888529954086849,0.9344028677820776,0.9666010520306204,1.0336099878508258,0.3794793057100169,0.2975611074963057,0.7009875253221372,72,True,ok,10,ok,0.0882518815407236,0.3068476262453358,0.0618634680462542,0.1460382586504118,9.60256115964706,0.1405612596884539,9.773549760005428,0.7729122922773621,0.2270877077226378,0.1709886003583664,0.0502377950125155
109.1536922485924,0.30524402736333,0.0157010152079237,32.20115212463262,58.34012905584154,75.66875234394364,0.4891788340054691,4.603365468723423,0.0922253478409563,0.1894380163017083,0.8105466832027731,0.8549766382465182,0.913769414401212,0.9504297881595772,1.0601109129915345,0.4946202971065295,0.1616215162059066,0.6404635333664863,73,True,ok,10,ok,0.0583613967748263,0.249690200111656,0.0373783463906087,0.193892509545358,4.243806057433552,0.1936728412967406,4.284444174268301,0.4090662801978526,0.5909337198021474,0.0406381168347488,0.0587054829728261
115.3001153679077,0.3198326517182189,0.0178233344314199,37.0055939559754,66.85185656365806,55.12489082963031,0.975297646594822,4.03512492865536,0.0996376354509551,0.2393742073381106,0.7606113969532196,0.8363862888182999,0.895787772203119,0.9388546100135244,1.061634107211825,0.5419069630567176,0.2927195403797803,0.676756208911608,74,True,ok,10,ok,0.0884258957287404,0.2809563330127866,0.0598427739629955,0.1445944627358402,8.179734558215845,0.1371007032761419,8.347035548733732,0.7701906712858626,0.2298093287141374,0.1673009905178872,0.0499192339734999
104.5962238929724,0.1349444111304057,0.0270346362249916,25.317541894497943,65.93174723845009,37.11136597531191,0.5234438264638145,9.751163605887449,0.0710010975001131,0.2353215520896178,0.7646672964411493,0.855693906378057,0.9113212537796004,0.9565431682574448,1.059341049669203,0.4876167591617013,0.3371992021208659,0.7185526850498396,75,True,ok,10,ok,0.1196123766324543,0.3886568729176505,0.0859477943944427,0.1689395062096541,13.398602312186018,0.1678873482233079,13.440689447581867,0.4730911835793563,0.5269088164206437,0.0420871353958492,0.0468748593668148
89.04632877732573,0.3138123593077502,0.0280557945529489,22.33019997107543,50.73413674384112,87.17826813198155,0.4594872179416223,0.4585143106122917,0.0901648792611538,0.1620302100009211,0.8379555144843859,0.8647079290356502,0.9199590392508284,0.9507234962867972,1.0511970608389394,0.4582949446847895,0.2015864997540832,0.6184876353187357,76,True,ok,10,ok,0.0727662756509833,0.3762849550616582,0.0450050417583279,0.1782492030111875,5.154403084210696,0.17311808114654,5.204251874053098,0.4718441143830499,0.52815588561695,0.0498487898424024,0.0557979445829727
170.3319896490646,0.3445279034374896,0.0205191995415555,49.85022552073907,42.12884779360086,53.81194024615463,0.095855016031207,7.283164854728153,0.0255124340729393,0.2148226935511037,0.785164160437606,0.8837674274962579,0.930721439490892,0.9720876830962726,1.0347225555990816,0.4036131874765216,0.3616278730761611,0.6775691821485417,77,True,ok,10,ok,0.1349648471132306,0.4932582993978207,0.0914480210773146,0.1614307747395528,4.397350074799785,0.1564423265399064,4.445627709115826,0.4765418868054658,0.5234581131945342,0.0482776343160401,0.0530306360642885
101.32576184228184,0.1265986685730773,0.0286767727602293,53.95083206685954,48.329770799268495,39.78844429422825,0.4559921250415034,2.683105569193846,0.0920041800386161,0.2486480814521942,0.7513412442386269,0.8724094117201144,0.9242967385261354,0.954711260149722,1.054803416043144,0.4224683005257429,0.4036720165675644,0.7457394900523999,78,True,ok,10,ok,0.1298707080433768,0.3924141704670267,0.0968497155890119,0.1430720813503153,17.887187336284548,0.1394631394445894,18.05374049875443,0.7873021446936855,0.2126978553063144,0.1665531624698798,0.0449960675079966
115.77166274365166,0.1914630372561407,0.0277576151721191,69.76945414029663,43.5407057671305,67.43030345036262,0.2403825039914642,9.599239148165944,0.0896740089015303,0.171441575581155,0.828545176117445,0.8572800108723064,0.9185798671917426,0.9576481908392102,1.06870824039233,0.4973628046919762,0.2842218616899385,0.6437455099380064,79,True,ok,10,ok,0.0990356209981212,0.4785837119286665,0.0637537363414627,0.1605560192923686,12.635665012979937,0.1555617883444555,12.762568738807763,0.7110318033829659,0.2889681966170341,0.1269037258278309,0.0515745436729776
171.35516787068931,0.3233706573443137,0.0153278738925634,32.74945447477071,53.11060402296594,84.21080966075908,0.9513402053688664,3.58959361421444,0.0308197676993929,0.1731903369610979,0.8267942907302236,0.8417827409183765,0.8934628192992908,0.9475143735787648,1.0306797451459977,0.531115036646637,0.2076715371994848,0.6127883731140118,80,True,ok,10,ok,0.0817708718214355,0.3903317636296476,0.0501082395115718,0.1911777845016225,1.9662634876667011,0.192344493669526,1.9928275287801565,0.3238731816654034,0.6761268183345965,0.0265640411134552,0.0554558438824528
178.03285125588604,0.2002110629069629,0.0248531398275845,29.492759316193144,55.1114909357906,91.91816080021508,0.5031278065081061,4.839947327319488,0.0847858162144759,0.1630267905259839,0.8369573517445367,0.8514715759594911,0.9109125379235496,0.950155715853678,1.0576527985717326,0.5099365840769204,0.2815066004705889,0.630542708674197,81,True,ok,10,ok,0.1296701253692166,0.6656440256009214,0.0817625520844285,0.2086837534293595,4.114012280442719,0.2126729118657503,4.132416045247341,0.2573739977511601,0.7426260022488399,0.0184037648046223,0.0531021564050868
127.0001111375623,0.1275198989137689,0.0178836208851503,34.96231489957043,73.20188435482807,65.43368297752927,0.4021846215454672,8.045090508496726,0.0690460720368172,0.2281203686625198,0.7718627763408162,0.856682763496829,0.9139187240713216,0.9568577335467364,1.056253209477203,0.4935319958626538,0.3075022831829225,0.7123820850236442,82,True,ok,10,ok,0.0931350189206813,0.3151062028617692,0.0663477189674315,0.1494156187244826,17.25816439989497,0.1464200202554557,17.403745894948155,0.7583189429399982,0.2416810570600017,0.1455814950531854,0.0463977458830448
145.9832242688487,0.1453756287262076,0.0216807824597429,60.83334553326686,25.32115531866705,60.896867877281466,0.1479894301138694,8.431685457183386,0.0360735467953453,0.2478002986453345,0.752182483850407,0.874598051441597,0.9254673173019732,0.968541659918336,1.0420354958960785,0.4374180548198025,0.3942019547905814,0.740508875372218,83,True,ok,10,ok,0.1409831476230394,0.4279158947591628,0.1043992720927723,0.1604377507176145,12.912100357019078,0.1639453205709558,12.954078592529386,0.4752383957197685,0.5247616042802314,0.041978235510309,0.0463526651247948
136.92575862348917,0.2666434673091217,0.0279093924100676,45.40921445692728,40.56604002231546,80.39504115756156,0.8057945623486268,6.030368357451654,0.0463470727594213,0.1684530778402548,0.8315322265130156,0.841423144327325,0.8967979226750523,0.9490720919812144,1.0424493126751058,0.5379801669527146,0.3090903807373322,0.6175891249301837,84,True,ok,10,ok,0.1157203326171715,0.5711785930465667,0.0714676189576687,0.1597515434995498,8.915302352378593,0.1522752150313616,9.031622813680778,0.6841664582406828,0.3158335417593172,0.116320461302185,0.0536973171216509
141.92120069838109,0.3197908658149645,0.0203045385882061,49.53535834836346,70.33762221787504,86.72665095920794,0.7973275024458453,0.9891909826618228,0.0850876419214803,0.2070682019680138,0.7929134681467026,0.8473398169999593,0.904010278591204,0.9430668898591094,1.0499625313465988,0.5113497242355493,0.2932260918086776,0.6512182929861329,85,True,ok,10,ok,0.1072629052625291,0.4106988583663845,0.0698515660657975,0.1683658641599336,4.984654314925166,0.1627686052839881,5.032791897115564,0.4761779434969553,0.5238220565030447,0.0481375821903981,0.0529540010040804
135.28662192156122,0.1848380727459364,0.0235673903298061,39.02809941780754,49.59518660661281,17.305268868556425,0.5735938023271393,0.1624219074666084,0.0455373874381281,0.218513037603549,0.7814830200694308,0.8936894885089085,0.9305979318832576,0.9630813722978684,1.0271159379733843,0.330906426538077,0.3741206227995614,0.7215590821911186,86,True,ok,10,ok,0.125230131450986,0.4478609459141516,0.0903609387124466,0.1511679511848054,13.6079450905403,0.1466013513173927,13.732829103913398,0.7202269271830563,0.2797730728169437,0.1248840133730968,0.0485113550305004
170.4862966124905,0.1506738154051061,0.0136397022442605,48.50428803346549,54.77404197070098,21.489970727938942,0.9398050065094976,7.200906432792756,0.0659556965598629,0.1622324969746595,0.8377626958233447,0.8511511705587038,0.9015532508735872,0.949748095806452,1.0508272461362564,0.482045607239921,0.1966863783278426,0.6417617186348984,87,True,ok,10,ok,0.0678113495013124,0.3501649590021544,0.043518728198914,0.1777407640389049,12.426522686183354,0.1804726866882922,12.474943779957524,0.4834825540329692,0.5165174459670308,0.0484210937741697,0.0517295597918488
157.23619946657897,0.1440383604490516,0.0302738506064958,38.14249217519265,61.828168468466735,72.29964435154136,0.6650855432752922,1.6620585954292095,0.0660543080608159,0.1962241793703151,0.8037611759564695,0.8582392039432158,0.9107037479245982,0.9502012070229564,1.0423539590926412,0.4750996860805371,0.3947645808371676,0.6799524858634614,88,True,ok,10,ok,0.1679045377993233,0.6877087110962059,0.1141671078644053,0.1750359093421889,12.56928193550774,0.1719303905206285,12.612082348110212,0.4638131840687833,0.5361868159312166,0.0428004126024729,0.0494790095282391
133.17431648517783,0.2278806792569856,0.0214130779225829,20.206310771844755,56.40937321001739,99.19215742208578,0.6337570661371208,3.103768090589244,0.0199878852923006,0.1740172719371212,0.8259648146764959,0.8576937487135616,0.9069035827233596,0.9562013921279569,1.0251846839326215,0.485486161419391,0.2641117181282686,0.6410742305657475,89,True,ok,10,ok,0.0892059727367102,0.4233683815290106,0.0571876503340555,0.1593406080080516,11.08978168414718,0.153469354843213,11.225782029759444,0.7224498022091543,0.2775501977908456,0.1360003456122651,0.0522485059984548
176.37693570770216,0.2841791541405134,0.0172781924862512,49.3380307325592,34.1795330563063,62.96642957168118,0.8684916825965392,6.530095989097074,0.0280286666590256,0.2423527701635702,0.7576301754795481,0.8439635388480129,0.8955764157085682,0.9515576776079316,1.034683384106076,0.5249492702061802,0.3329206211756235,0.690491725704627,90,True,ok,10,ok,0.1327626610937785,0.4150062757219331,0.0916715189677817,0.1836839656040881,1.9050668403483613,0.1898922206461404,1.924182636649239,0.2765568440957469,0.7234431559042531,0.0191157963008775,0.0500048807280354
122.52346594199662,0.307128805279915,0.0301893616504958,65.23634170174833,60.86435629826572,95.99675691316538,0.876357170156352,1.4711303889639735,0.0511452053519492,0.2363156746525533,0.7636610827751928,0.8455335863603184,0.898751573308896,0.945638368581842,1.035869971730888,0.5186703811494624,0.4214478927862879,0.6814289919296326,91,True,ok,10,ok,0.1571324002465463,0.5077280556261569,0.1070745730994876,0.1469890369748047,7.861400821257526,0.1361606188695925,7.978883151984304,0.7005933427129925,0.2994066572870075,0.1174823307267781,0.0502074310283608
150.75718119911863,0.2207012504658816,0.0150917267782671,41.43260603304616,36.78381712990925,27.128368272135617,0.8187700011887818,9.90558372202267,0.082037715575269,0.1985054524559519,0.8014870332879066,0.8441510775917229,0.9007615211530072,0.9491498408503992,1.0639582401663528,0.5159437201564511,0.2318071487729474,0.659313513069149,92,True,ok,10,ok,0.081182630975322,0.327771163428761,0.0535248056285358,0.1773775022246306,7.260884904780511,0.1809846362565373,7.297129860862368,0.4143558744722703,0.5856441255277296,0.0362449560818574,0.05122805519865
132.26635647999595,0.1724222435082174,0.0118297599159206,37.65593243706213,57.77321814861072,35.57789108671342,0.9048452593252286,9.092634033225176,0.0761822394886321,0.2020211720218294,0.7979696203687909,0.8382048832825193,0.8955464251115424,0.9464534286108052,1.0602665174294423,0.5377177047341213,0.2011806085912027,0.6674485477701008,93,True,ok,10,ok,0.0568197476146403,0.2244238342583456,0.0379242580300553,0.1505842582510397,14.4431371649004,0.148503491234076,14.624603099416262,0.7881317980259014,0.2118682019740986,0.1814659345158634,0.0487822739315004
125.27630676724246,0.1944958011629662,0.0229857939182498,67.40133583669248,46.38542158964439,15.709687827862528,0.3951624898927105,9.233548158658298,0.0688030833784398,0.2004121451552574,0.7995827765932743,0.8780242793226749,0.9259099051222468,0.964546330471142,1.0555301417475242,0.3995694236065497,0.2344077700002856,0.6893028554823486,94,True,ok,10,ok,0.1037339202371167,0.4138559279497312,0.0715040874298227,0.2335373684474104,0.6357705618428646,0.2480132597322439,0.6433427920208302,0.1299780010147932,0.8700219989852067,0.0075722301779656,0.0506855528225885
86.73050766305566,0.3110251014590446,0.0188986211566623,31.543951000068667,62.15078164402247,75.83556938717616,0.6164362246130024,5.189020329607425,0.014671655665648,0.1878990301754479,0.8120856283024576,0.8587450100728622,0.9071431571665288,0.9588696336840083,1.0263877706490845,0.4809534377323194,0.1872131724544839,0.6405332709918703,95,True,ok,10,ok,0.0553629601932753,0.2392550602015926,0.0354618179843913,0.1539576417654988,8.846396995170878,0.1468696834077229,9.04222198559274,0.7871202741114739,0.2128797258885261,0.1958249904218642,0.0529616269002694
124.55174193616088,0.1649026063436865,0.0137999391999285,52.45854857596996,27.213631139388355,22.56296006659283,0.3345689132376566,6.862908509687102,0.0561873436653919,0.167878319032672,0.8321166846864171,0.8829153302852202,0.9288414323235352,0.9660917846102278,1.0458564780724091,0.3865305680415235,0.1813554783915869,0.6651452404722965,96,True,ok,10,ok,0.0518670819402253,0.2570801284680561,0.0344991426897275,0.1557302509613215,15.430529038506094,0.1547248561249849,15.61519951392911,0.7843982972463087,0.2156017027536912,0.184670475423015,0.0507589946195833
112.81084330322018,0.2386706224714766,0.0150461485449471,42.49838205467877,66.66405637476348,43.50514959835957,0.4480601495255022,4.324170723655205,0.0836956068204095,0.1525376211979935,0.8474550143296942,0.8684379748566581,0.9213417716537566,0.955683452165405,1.0545356457458532,0.4401483761031269,0.1536339317994304,0.6259093855425967,97,True,ok,10,ok,0.0465405409338942,0.2585533350095725,0.0291301613787537,0.1604774405199159,11.439665451689027,0.1554794142921765,11.631737066040875,0.782103040082808,0.217896959917192,0.1920716143518473,0.0535119015126493
137.11267215869333,0.2889542153082182,0.0275343314396845,51.62111829729005,65.62296168990702,75.02605161635638,0.7249596316695324,3.8509992037282617,0.0341848028845521,0.2130203420387762,0.7869626997638238,0.853920518864717,0.9043699096450144,0.9532869509287656,1.0324696948442302,0.4928050680853761,0.3800585482196831,0.6669019700261859,98,True,ok,10,ok,0.1445656388705532,0.5340274465200601,0.0964111093608661,0.1572632516355826,7.847004802979882,0.1457834856768986,7.9813149063153395,0.7239753026858811,0.2760246973141189,0.1343101033354577,0.0512074175484449
120.53476410273625,0.1670422257170615,0.016001850246501,28.14027226302741,42.5505083347164,11.409737344806286,0.941708145971066,6.67104402559734,0.0249704373282454,0.1599079123124173,0.8400890457831326,0.8688352407801941,0.9080599682477684,0.9590691756708546,1.030035806881158,0.4114476519446038,0.1844637302163951,0.6496623605185934,99,True,ok,10,ok,0.0554393383144221,0.2912494710040227,0.0360168513949363,0.1592348186904775,14.95343781869732,0.1571476715901212,15.12411311623857,0.7686068701090533,0.2313931298909467,0.1706752975412502,0.0513826935836977
175.26828055450449,0.1351436904597527,0.0170296921178935,43.50441807444851,43.27050543706819,46.146541390149466,0.4330829436574103,2.820287919757687,0.0276760478927563,0.1929593762760408,0.8070310910767907,0.8803500524900272,0.9237093943998956,0.9641484963047154,1.02644400655923,0.399225665571668,0.3158269057849675,0.6935000662857514,100,True,ok,10,ok,0.1035272702996929,0.432969882932857,0.07179616881522,0.1555314194938736,16.653231831678447,0.154052840784962,16.78071489292539,0.7228549915449597,0.2771450084550403,0.1274830612469409,0.0488774297755684
