sample_id,P_ads,P_des,t_ads,t_des,t_purge,u,qmax,b,k_LDF,L,eps,t_repress,cycle,purity,recovery,productivity,energy_proxy,q_avg,q_final_avg,outlet_ads_final,outlet_dep_final,outlet_des_avg,outlet_rep_final,final_loading_mean,final_loading_max
1,6.054950551084939,0.8736663683719026,62.05446624456248,115.81349116490992,28.0118555222022,0.06901229339235795,5.464194736711626,0.6490827940215795,0.19308066099716742,1.8185750639495921,0.39501852101937274,20.0,10.0,0.07560823212193936,0.9324333916742819,0.048122652090842544,8.228700810876413,0.14004234897834275,0.14004234897834275,0.010896509600929947,0.015196996144865745,0.07560823212193936,0.01456698835338727,0.14004234897834275,1.770345983171059
2,7.03145779849947,0.412760952443692,48.2061189930367,142.54007456783756,98.40913835258725,0.12595274488225794,3.4699610783060617,0.24048835325338372,0.15185525439923456,1.2200174413012086,0.4440213780786304,20.0,10.0,0.01876142718003108,0.6914006901615702,0.014604770096767378,18.95262807676725,0.22162381226631397,0.22162381226631397,0.10025378731244858,0.17607209350977082,0.01876142718003108,0.0019529607490650378,0.22162381226631397,0.6597838507573931
3,4.808192958650999,0.8559708550017371,81.96714644654864,155.9705738389364,74.93885621527825,0.06523446339642214,5.212204697346476,1.0636442854286439,0.19943705226102182,0.5518819897217101,0.3287254270113005,20.0,10.0,0.06622924145112544,0.9999968487826111,0.0459399432556645,7.551639123525252,0.18583332767071564,0.18583332767071564,1.9097279604640735e-07,2.0572767452460596e-05,0.06622924145112544,1.353652185118649e-06,0.18583332767071564,2.1428055653884934
4,7.590316489186321,0.1354302888561444,167.84064765381459,167.63846078365881,41.264145629514616,0.14444474216490524,2.9954550607473305,1.077786141593862,0.09169313253425748,1.3662146941946953,0.3631326163884494,20.0,10.0,0.09946114888631367,0.8751697381289617,0.05235478644442072,57.92863533653849,0.18788854945322314,0.18788854945322314,0.11077686643308844,0.23114898215406146,0.09946114888631367,2.9224171256341272e-08,0.18788854945322314,1.3427894753152574
5,7.770291411505986,0.49942256856291634,56.26816845331602,149.0375652198514,29.534694789737642,0.12492159411990506,5.848057094559351,0.4915323194338331,0.06179595623431937,1.598276243597539,0.4184190118150722,20.0,10.0,0.06376353509528838,0.999391643989005,0.044674332555179455,17.1965999418721,0.17346317216847426,0.17346317216847426,0.00017214037120920561,0.005094822228980171,0.06376353509528838,0.0001292825282371367,0.17346317216847426,1.4222487381651
6,4.484451530147424,0.7401293101682412,40.14048244268247,134.27386480159538,58.551915038534176,0.1495137813490781,5.869968519852739,0.9119689973264329,0.06493367596493976,1.6216842771179467,0.37677648892267246,20.0,10.0,0.04635362477624097,0.9963726428387141,0.03532817579937488,7.694509085956444,0.180277186296489,0.180277186296489,0.0006929932454351053,0.0016137117542212858,0.04635362477624097,0.0009461716764557559,0.180277186296489,1.5240458022135313
7,3.9409107282016573,0.7273768469607531,178.99936394856724,155.13159133195805,74.63942375712914,0.026064415596546202,4.62979553760076,1.0016375558052577,0.1781027011357798,1.9407618532929214,0.4303372079896338,20.0,10.0,0.0902277525464609,0.7454065512856117,0.048335042895583664,7.342489621088263,0.3034782321001474,0.3034782321001474,0.04359136114662873,0.06974046362204625,0.0902277525464609,0.03148690918264879,0.3034782321001474,1.2267627162707728
8,7.574246079603553,0.22776799700546452,38.71300755124934,121.98706347088333,35.45302079650027,0.08806909675488934,3.28767951833609,1.2612556412946314,0.119443488368168,1.8336154411775114,0.30138570585213353,20.0,10.0,0.05585932638228729,0.9994079388846078,0.04067577068383704,34.65135134046367,0.06731051290973757,0.06731051290973757,0.00012600542168363647,0.00020616643790341636,0.05585932638228729,0.00014385769096565603,0.06731051290973757,1.57153981961151
9,6.9871894379590795,0.8864036813235469,172.8047184930893,163.13696263786736,79.83748220041248,0.11705180153415408,4.160541270763066,1.3081930088209683,0.07772542264272815,1.5687196525315805,0.46771174725137366,20.0,10.0,0.11287557400547062,0.9950688583876629,0.06292222018301977,9.913183864388103,0.20394859878055893,0.20394859878055893,0.01025741059397212,0.11221004673302257,0.11287557400547062,0.00011307799736324156,0.20394859878055893,1.8194552632111447
10,2.421188521594482,0.9511506480121221,141.0859405016717,36.749185708994254,89.64979467652314,0.05227798653165382,4.0545861133445875,1.4107775293993985,0.18648681528107688,1.7308132060271317,0.46918348209008076,20.0,10.0,0.11694203122199777,0.6768913242184245,0.051377748543092336,3.3612771518268016,0.34466168008113185,0.34466168008113185,0.02856245294610708,0.030763839401042572,0.11694203122199777,0.07536802884324871,0.34466168008113185,1.2505366455580906
11,7.492710526936354,0.6021044990126773,48.99112268603752,168.75077478794023,52.80411594766819,0.10459500757701737,5.334590400527828,1.4288099075349403,0.03170661848891596,1.1397974963670223,0.49138689114299894,20.0,10.0,0.046137914344778395,0.9963629589333207,0.035180658995371004,14.39573118480084,0.2911767972851944,0.2911767972851944,0.0007835208182289851,0.005268909579699181,0.046137914344778395,0.0007902599910902667,0.2911767972851944,1.5023357730104605
12,3.1215969735641824,0.4504921549264878,56.429602444476075,188.6870845676396,77.76971352239696,0.02759470539371324,5.625561438830086,0.3232786043907606,0.08443677410000949,1.7119659543726073,0.31060657432910294,20.0,10.0,0.04225070600992594,0.9907158401413245,0.03283126099956225,9.205023152381397,0.02312031274966032,0.02312031274966032,0.0015286197531644314,0.001916118318999077,0.04225070600992594,0.0022519954345303446,0.02312031274966032,0.4756458759360639
13,7.5329438801924535,0.36708420750590753,115.94192810212313,126.5785760508814,72.11903595245505,0.10519523751364136,3.833046262104453,0.4771028862085844,0.10674230899432953,1.9595231977052903,0.37389221012903795,20.0,10.0,0.10243998879468165,0.9999442791730442,0.06081043945619442,22.1474050708753,0.09770216643297028,0.09770216643297028,9.099237182585605e-05,0.004768524595660196,0.10243998879468165,1.0124362611731934e-06,0.09770216643297028,1.1025744424051531
14,2.2015396010121373,0.5621167857799865,139.2920313959526,63.24324432201532,11.139381451095185,0.05442006806668516,3.124644650861972,1.4944036201724378,0.13440493854422755,1.951861335197639,0.47170468789731507,20.0,10.0,0.19055947409017684,0.6639460229874985,0.06060215652714582,4.604645734090304,0.31090221796891965,0.31090221796891965,0.02862685996031163,0.034196479336201666,0.19055947409017684,0.07826175810291722,0.31090221796891965,0.8971215929251704
15,3.560839370078001,0.9744448928072643,97.52552506229168,41.06676958669686,27.16664172081191,0.037620579983037486,4.941606357474312,0.7283803334238652,0.17360585512277307,1.7510852358875035,0.37925418239473246,20.0,10.0,0.14842358234415312,0.6702297253098772,0.05446078227178693,4.2007243463114685,0.4942957333765399,0.4942957333765399,0.04940118534690776,0.0721763605439312,0.14842358234415312,0.05152884888071941,0.4942957333765399,1.1066086740493801
16,3.4228082860981903,0.852352157680765,31.814553697067936,30.771688183055332,92.41986518165501,0.1182802381957503,4.260420462716054,0.32820695608531725,0.15857623907979393,1.0811218955365534,0.39006662453976054,20.0,10.0,0.03691672675721506,0.8650980089611455,0.025957035527064083,4.7855370048933645,0.19083057754155242,0.19083057754155242,0.0553895500731872,0.1437296994047339,0.03691672675721506,0.002125781360770131,0.19083057754155242,0.5806605513587694
17,2.3015967386213125,0.5043187969979449,176.71703055997196,137.1325260993081,42.031405439340645,0.05903985505759822,4.003828608044387,1.1001841228074374,0.18817564745321796,1.0060782659965684,0.37190989225091636,20.0,10.0,0.14337918138194605,0.9592191279780524,0.06832429209978066,6.145255743238479,0.10507920876813878,0.10507920876813878,0.0555916115629932,0.1757636171448889,0.14337918138194605,2.853799372491667e-05,0.10507920876813878,1.0343283212905379
18,7.226501229589075,0.9253841736830966,46.50573246730123,97.6965126876335,96.52324748952628,0.0925161408910393,3.0110871596264355,0.7550171671194974,0.09685042769108496,1.810866517627956,0.3652639245394709,20.0,10.0,0.051184908673360945,0.9983183121887768,0.03812454642977026,9.268771790422429,0.09146933566268575,0.09146933566268575,0.0002878040068912529,0.00034006155823190006,0.051184908673360945,0.0004423801732873637,0.09146933566268575,1.0827163996296172
19,7.754496837032243,0.7017210702599147,105.40623377377699,38.07725682450309,81.68861522371506,0.11785884386893328,4.930203520057173,0.9989318129419638,0.08230313386940527,0.954163022660078,0.31144784841324463,20.0,10.0,0.15268516770514304,0.981109703996515,0.07457275493034358,11.839898266961795,0.22653289222048195,0.22653289222048195,0.0025972611273250876,0.004072860242923829,0.15268516770514304,0.004161048733618707,0.22653289222048195,2.017183727698329
20,2.3539484690878774,0.0706072282791436,80.09787742377206,110.59815872990295,79.44059162294165,0.061794425691934024,2.8097976484059117,1.4920381164509626,0.12083306372877418,0.7693779578844628,0.45875612034828983,20.0,10.0,0.05038152975686651,0.8430920506527179,0.03297533150197741,34.84181752193579,0.19195810961158183,0.19195810961158183,0.08579184216391766,0.2011826919909048,0.05038152975686651,1.975290144989549e-05,0.19195810961158183,0.8636877104619134
21,2.606316859353778,0.43106610472874146,194.3989087752717,95.00507923270808,51.693918228438456,0.14859636424806108,4.407096826477002,1.3608986330766848,0.1948031754039515,1.8263038079966774,0.32459265408998883,20.0,10.0,0.20727903961747574,0.9931166021735838,0.08417061669760251,7.2547319291296875,0.12385514706421627,0.12385514706421627,0.014605494148881943,0.13209229861811114,0.20727903961747574,0.0003000583497522571,0.12385514706421627,1.4353186626598078
22,4.921284625166269,0.8459161261436227,97.1255611385965,116.24127412579818,40.55986625534034,0.05313889048717099,3.255623875314682,0.23131323740668738,0.07964194084030664,1.019753996867406,0.486209249442404,20.0,10.0,0.04700447697779823,0.5293135380087481,0.026888862118827732,7.182910155205726,0.10635534607821628,0.10635534607821628,0.13025670585364355,0.1881751022121318,0.04700447697779823,0.0016764125993806605,0.10635534607821628,0.36922429597880074
23,4.2561554444114,0.9669770228981622,69.56762562992367,45.411394857070164,87.56062031079955,0.03257924695261673,5.456619574578653,0.9613135358601186,0.07604264041038288,1.5379169933651315,0.33971175381380464,20.0,10.0,0.08198503338288524,0.8833916225576027,0.04896641075522274,5.293423335822285,0.38624548080577836,0.38624548080577836,0.020709053179221282,0.033142399824141876,0.08198503338288524,0.020680035612851873,0.38624548080577836,1.1682579067774501
24,4.6622699508297885,0.474232854952845,42.90906567910906,158.52237404142426,59.49205395242253,0.04151880303505971,2.289643729661615,1.4530882186302985,0.08504551409674287,0.5992153051289983,0.4700723053042827,20.0,10.0,0.04176020573485276,0.9990813052655294,0.032403088099162376,11.713866945178566,0.17584871528313756,0.17584871528313756,0.0010106983404963095,0.03638518392320712,0.04176020573485276,2.528476849496757e-06,0.17584871528313756,0.9197673928908697
25,3.366249990513724,0.251343249961979,88.67503589893846,91.68718203439046,43.69429976704846,0.09297305825473207,5.423574011395852,0.8983550861240466,0.1563822223937251,1.2332597006789212,0.44604725713497206,20.0,10.0,0.11811868659891214,0.9993404113108799,0.06550272939088206,14.528382483839193,0.18511730383140726,0.18511730383140726,0.0010355365364935355,0.03734263734730414,0.11811868659891214,3.3860615120834325e-06,0.18511730383140726,1.5565531548230647
26,2.12327087489524,0.624533532828312,74.08010640881544,139.26808204458092,24.58694038170546,0.05015172936664505,5.113536313493941,1.1868249952809127,0.05143891888966505,1.2584742330956118,0.44938291724608237,20.0,10.0,0.07691657116311937,0.933816615332836,0.048854802145530306,4.915386332545468,0.15928079979486395,0.15928079979486395,0.00974761428447982,0.014357477909141046,0.07691657116311937,0.014782725814363335,0.15928079979486395,0.8346356343680169
27,5.079239216528596,0.4452233345541392,152.57191407707046,38.936530297231094,69.49904840498559,0.0968082932554757,2.5917083702037447,1.057864971202448,0.16606223908545123,1.157970060728021,0.3417919220943857,20.0,10.0,0.190142214546977,0.9404314614127663,0.07332673966570771,12.145155713567208,0.13394664008834306,0.13394664008834306,0.08205843736869269,0.2299415497944541,0.190142214546977,0.0001053279767213614,0.13394664008834306,1.0843604979558867
28,7.0941212708745045,0.9117520589713989,127.74081198078248,131.3202838820866,94.40043060672049,0.11600333261994367,4.825473005806428,0.6031054591657051,0.041280393005897885,1.3952244746972342,0.36267611447072806,20.0,10.0,0.09345610655569424,0.9855731030240902,0.05647590430318362,9.565962053020638,0.15149803740870946,0.15149803740870946,0.009261530716332237,0.0529934059649848,0.09345610655569424,0.0010081545167750904,0.15149803740870946,1.0061038497523778
29,5.224664682993066,0.6653854481185425,37.00742360104523,186.18780285463376,14.7086965519747,0.023893670820571363,2.383920447487313,1.1726678113604696,0.1465061330366211,1.457979365131314,0.4978285560159059,20.0,10.0,0.040523177000126524,0.9794376236788097,0.031555321012666386,9.787508895793557,0.05867296552718733,0.05867296552718733,0.004124082854560318,0.005481659468351318,0.040523177000126524,0.0051501136981904425,0.05867296552718733,0.9767272189762329
30,6.493227939817971,0.6938986342465813,122.74726199755791,136.53832107020074,16.127714473503843,0.07710343237095423,2.066060486175951,1.163476543359235,0.057956665294273776,1.9390318389761179,0.3268902592258866,20.0,10.0,0.13256200654955436,0.961400755411605,0.06849440897931099,10.80362478061421,0.09751554185985103,0.09751554185985103,0.0052959895396668035,0.007932659318737538,0.13256200654955436,0.008065100509816311,0.09751554185985103,0.7016816986144643
31,7.86214789865061,0.8152996465775383,153.49354241488035,50.420396996994704,46.91745818213252,0.05719218321836318,5.497315418005548,1.1464227082589915,0.17957815624361417,0.9593444702296472,0.32230028699096436,20.0,10.0,0.19736105926084677,0.7922435842905072,0.0708727220046214,10.38205301335935,0.6762599185607191,0.6762599185607191,0.031230693529944297,0.05320124818276905,0.19736105926084677,0.03312799189912825,0.6762599185607191,2.7151254192214824
32,7.793798009850479,0.9768816276605631,110.11743525974337,104.46247698636225,56.72371038683456,0.13867254935088738,4.736043948004149,0.9378129727975457,0.09356851664931262,1.8563820137722238,0.3230824898139049,20.0,10.0,0.11477564544406652,0.9638195685389637,0.06348932055811744,9.306485300321922,0.17916259924385916,0.17916259924385916,0.005075896088798588,0.007480581818968628,0.11477564544406652,0.007643616408370531,0.17916259924385916,1.9109855416588806
33,2.9443344336822435,0.9297807484418682,57.32804820616687,88.99980589851057,59.714305562182375,0.05784996680555529,5.416872834063215,1.0752505168655626,0.037244368860631684,1.026451486648149,0.42991368871950597,20.0,10.0,0.06705148566874918,0.9217574006045929,0.044101917399670676,4.355267153524922,0.2525712687410374,0.2525712687410374,0.013788615237082726,0.02304644681274851,0.06705148566874918,0.016166247868208954,0.2525712687410374,0.8663459003261121
34,6.92260498042411,0.12474824513797758,162.96702664922393,48.51551685733783,74.31581850021152,0.11108358915978003,2.865659050077237,0.667601307254418,0.029210595813435304,1.4845629499185817,0.48508958847758277,20.0,10.0,0.09722321134367169,0.5000195770828757,0.03902811876964146,56.34933836758811,0.20140251181306476,0.20140251181306476,0.1292659796067884,0.15797071385877498,0.09722321134367169,0.007923469769003752,0.20140251181306476,0.5190384965151442
35,2.691321098632988,0.7486113805361914,115.55848014315247,88.17649236542735,37.06051660796264,0.04388367034421006,2.324590738018756,0.6974278598626068,0.1421180568684251,1.797161052150674,0.42441401870516887,20.0,10.0,0.15425415564210002,0.9752950953891516,0.07404699809897847,4.66215191044084,0.05420092075096972,0.05420092075096972,0.003936316527698574,0.025277244436990944,0.15425415564210002,0.01013555989084611,0.05420092075096972,0.45567434663649187
36,4.85038251440922,0.2489452267291825,158.64618738586532,129.67954883298918,21.415372751586904,0.07341112156243407,3.3891634600200353,0.36658971958129505,0.05758810983293301,1.6873334514095502,0.3316298601412971,20.0,10.0,0.1535065450581173,0.9369672292394982,0.07030880746042552,20.88760609599992,0.06070883375777971,0.06070883375777971,0.04277443784243333,0.13403808316392707,0.1535065450581173,0.0004342025806418659,0.06070883375777971,0.4565724874657286
37,7.61498153927692,0.2847408715267568,77.4060811714023,173.22614947049854,86.02443163896287,0.02709931155396364,3.510469842631159,0.37167322312799767,0.12981937208235764,0.7023379484068211,0.38568601232279603,20.0,10.0,0.05635207396957306,0.9999997192306375,0.040961722857433755,28.905932966512644,0.07190770328290656,0.07190770328290656,5.460891825439424e-07,0.00014511863576661596,0.05635207396957306,1.512468392293407e-10,0.07190770328290656,0.8978870473417851
38,7.932973322757837,0.5849971671192065,177.77990509632957,187.14887208682742,49.49598623148782,0.030297899260444024,3.5879273765720603,0.6390741297101339,0.1442754633414887,1.1083750435913555,0.3982474346362844,20.0,10.0,0.1253459108794939,0.9998564362933029,0.0682669009825756,15.679672478718457,0.05603570270472143,0.05603570270472143,8.761013885964149e-06,1.0431912531867685e-05,0.1253459108794939,4.930817086859064e-05,0.05603570270472143,1.2841222869924545
39,2.277639638934878,0.7318391304236711,141.72417273711392,40.53770259320358,26.23014024960077,0.09653212189561884,2.7480209365640564,1.1882703932341458,0.0904878944394595,0.6304485529117212,0.4947186780384283,20.0,10.0,0.040061954994892776,0.12743867367551678,0.01169125292231697,3.6487412509585826,0.36079146940614526,0.36079146940614526,0.14992421108813972,0.10714401480528124,0.040061954994892776,0.03592233527888998,0.36079146940614526,0.6572483635454565
40,3.7272607378643654,0.541586258314145,174.4006913558622,135.98043868041805,83.58385335309228,0.03192434582982352,4.3209169426870515,0.6223711914964826,0.12399570792291478,0.9194738126727544,0.404346469988762,20.0,10.0,0.1322528041572008,0.9994171367828032,0.07014073643183738,8.659842024642458,0.0696894740829241,0.0696894740829241,0.0009018731413891784,0.011101705746230098,0.1322528041572008,4.9356674315506265e-05,0.0696894740829241,0.9343000646148402
41,3.1951662996766377,0.32409733137804453,120.48604017123544,156.84311744732685,50.31726928188627,0.13684377833385553,4.214200116678905,0.31415982207961696,0.026546362284854266,0.9208835696074749,0.3150178582434277,20.0,10.0,0.02413631781941053,0.2788745407143639,0.014375259492999127,11.67868030619772,0.1303292897393022,0.1303292897393022,0.13646488235788212,0.09212378578533019,0.02413631781941053,0.05711580832290573,0.1303292897393022,0.224997272110295
42,6.50250790993709,0.8339439915596142,199.5979412596382,67.06935788759168,64.68465881958633,0.08279735860393143,5.728829705068119,1.3336532016504916,0.14593249745755493,0.5525255370541311,0.333247640191975,20.0,10.0,0.24245429934744936,0.9915492172293257,0.09090706853976066,8.791412585574783,0.2682030006055773,0.2682030006055773,0.001340572148384778,0.08595931716603969,0.24245429934744936,0.0026323369458686498,0.2682030006055773,2.9387554204514403
43,6.132654966871704,0.4408742217230974,108.21939505713482,83.99241572823057,54.00754598705632,0.12103620117367393,4.032310483453328,1.3396174740385431,0.10897748609604724,1.8441831601355987,0.38380171300684457,20.0,10.0,0.1381129655960216,0.9937542200553192,0.07156630017693905,15.020176330926839,0.13972741921868323,0.13972741921868323,0.0007991294869017372,0.0011272988753421795,0.1381129655960216,0.0014660873622238447,0.13972741921868323,1.8484428948825016
44,3.598411470141637,0.9000020029450234,191.633384174157,56.238116722106234,84.38333498204351,0.08209680125260196,3.4345107359782334,0.6122225139104489,0.038958325232324814,1.1711981317803661,0.4111003499290969,20.0,10.0,0.0931293665035832,0.4681237206026556,0.03715840795638474,4.982523910925313,0.14258872580110205,0.14258872580110205,0.13700628594364977,0.17747760662635798,0.0931293665035832,0.007402762553743419,0.14258872580110205,0.4489485970771628
45,6.384440497349216,0.6800921882813514,105.83012212532589,174.7286914006017,22.387898122339053,0.089682150984867,4.7051582792964,1.1809774531240846,0.1200342196126903,0.5793055785285212,0.3371106014348473,20.0,10.0,0.09487078033090421,0.9999088735023572,0.05789902149312646,11.24683680120706,0.2527854027055276,0.2527854027055276,0.00015247121104336009,0.025321596827009088,0.09487078033090421,7.600419545024863e-06,0.2527854027055276,2.191175239451185
46,5.363186552508704,0.8697591929283018,75.73450869381418,96.07648316550494,19.541600045662214,0.038610426670963746,2.2223686604035913,0.6787033165272627,0.18185571738634262,1.1313232154442634,0.34652896631307223,20.0,10.0,0.1174616107667579,0.9668835811990938,0.06424012194727259,7.224761841663125,0.06674206700628951,0.06674206700628951,0.003693375342041049,0.003726673837117075,0.1174616107667579,0.009236533211516672,0.06674206700628951,0.7226434703913008
47,5.8483621887308015,0.554662079515406,36.676591122182415,60.83822391467284,73.42872693673854,0.13725935016410507,2.6618936891142395,1.290634962979375,0.15891049836769347,1.6782601198608456,0.48915311441477016,20.0,10.0,0.06282139538893089,0.9999801709554621,0.04416716904538661,11.51953528914932,0.2325473628800802,0.2325473628800802,1.537561545335794e-05,0.012539244052986372,0.06282139538893089,4.105233519934893e-06,0.2325473628800802,1.333094631751101
48,6.346275528591017,0.10908542159631479,159.93982654454544,185.26339058844897,12.461811608330606,0.07210621063208776,2.1612800060123565,1.269558561421802,0.07730993758916656,1.2406926984743447,0.3008476303670121,20.0,10.0,0.13629219508890988,0.9999689746848287,0.07134578636056829,60.09206173673759,0.07745006351546617,0.07745006351546617,4.567203072181869e-05,0.005877111111690888,0.13629219508890988,2.6757861559201274e-06,0.07745006351546617,0.8774127303647644
49,6.6907515929901376,0.23925968677672182,128.96787761455874,78.99289260888187,45.07377647383231,0.02438228111871871,3.9725382315692563,1.1546531000851963,0.06385204062300472,1.838511701810087,0.3814247085585334,20.0,10.0,0.16322277577894861,0.9362740466467727,0.0741397321389724,28.979689483157344,0.22775591607551277,0.22775591607551277,0.0108382472704551,0.02065381093494865,0.16322277577894861,0.010539949555401518,0.22775591607551277,1.0648129470090373
50,6.287528951071994,0.32009424334933545,111.19287983237696,94.50117503033019,70.09571694994119,0.08383169612554628,2.728727478879555,1.4395684139125084,0.1643800218529675,1.279526468629031,0.40654587325643166,20.0,10.0,0.11953186991790447,0.9999977655181945,0.06649636367822373,20.93823331375159,0.13908401483845612,0.13908401483845612,4.107815053568142e-07,0.0008715772934548156,0.11953186991790447,7.562038477585391e-07,0.13908401483845612,1.468606943343217
51,4.017974858055342,0.07745746485117173,196.69018217278511,101.69498994405247,93.23429339167882,0.04872893792919934,3.7137681661668487,1.3785360999701393,0.18836996526019475,0.5704060794624339,0.4257747304465047,20.0,10.0,0.09768574017480788,0.7357133174600008,0.046236787746350747,53.35642842305971,0.1957128429899051,0.1957128429899051,0.14704701565687625,0.26266036353905736,0.09768574017480788,3.023759856282471e-13,0.1957128429899051,1.6083127212117407
52,7.894411806980395,0.6866042385527559,149.4584663253358,100.49870435610727,65.86431528855033,0.040850520084357245,2.43688637592292,1.2522334372863009,0.05008476121758688,1.050087952610637,0.4131979017886534,20.0,10.0,0.14758738649335632,0.9750238589369946,0.07310470104618692,12.832070159636121,0.12180217647247422,0.12180217647247422,0.003276169919268426,0.005888718104968407,0.14758738649335632,0.005255087918491672,0.12180217647247422,0.8713395691758403
53,3.062295483617998,0.5200075804697226,62.724720898391695,184.0289256064313,10.513860930841457,0.10396670552788725,5.353287521137079,0.553483734547566,0.10205448206266049,1.6258435048409419,0.4936634340578551,20.0,10.0,0.05410392510671826,0.9649354469145204,0.03794319375986696,7.781802488904775,0.17181716416683174,0.17181716416683174,0.024428761451724665,0.11010148591499332,0.05410392510671826,2.3036966799777284e-05,0.17181716416683174,0.9109378657361868
54,5.658572689137226,0.27027987343519133,128.31730105183001,193.8742339363469,60.72351317159557,0.05545437263067576,5.178399888761819,0.5627111798561436,0.16209299936441798,0.6528908449569966,0.4379881587870099,20.0,10.0,0.07278259568795406,0.9630475006645648,0.04596875169496213,23.17833496403047,0.20239977631417352,0.20239977631417352,0.04425406683251628,0.2014010487095534,0.07278259568795406,4.488162055626087e-10,0.20239977631417352,1.5562455579929768
55,4.122314317242871,0.41035818438353844,156.58290394945521,116.8519688510584,82.8554751914035,0.0935367804970157,2.454577974954823,1.2111192168482368,0.10066927833971091,1.573465285346285,0.3741386189398138,20.0,10.0,0.11526567276785583,0.9647781891931361,0.06116048246994698,11.628446144028736,0.10591757188434699,0.10591757188434699,0.04535140640747417,0.17351204492972216,0.11526567276785583,8.643285348887102e-06,0.10591757188434699,0.8709830920672498
56,7.266912385511025,0.8043807009878039,43.9295822618938,167.9467894496954,62.930638277852566,0.14269533951725402,5.561053306797184,1.3469629063075947,0.046739401319052465,1.465130409182162,0.30227195592297096,20.0,10.0,0.04046062882066619,0.9884182281437979,0.03168102583475999,11.028291568329465,0.1824724136470096,0.1824724136470096,0.0023997487410633237,0.0038946074892931065,0.04046062882066619,0.002592522086824767,0.1824724136470096,1.864015021952016
57,6.420713529750841,0.18891348954553167,47.61857570030759,169.94635155645673,82.3332413251063,0.13931866111591834,5.906644744906011,0.5338368769756039,0.18983913807050617,1.2981183054446708,0.3511775578202257,20.0,10.0,0.04019572783541458,0.999999984527623,0.03169561053048079,36.098716025302295,0.18440030730653797,0.18440030730653797,3.117814452141082e-08,0.0001573208496389555,0.04019572783541458,2.5539990583976032e-14,0.18440030730653797,1.8864864799057812
58,7.975960028651137,0.5524627600898914,180.42706862711856,125.92971171602875,76.78309128444785,0.09797105035383741,5.558698716188417,0.7600569395467751,0.04215566314304085,1.4491295932840893,0.35496093260189454,20.0,10.0,0.14626906806186632,0.9898075249751592,0.07354331030379284,16.080312419648834,0.14204204934726977,0.14204204934726977,0.0013252350202399516,0.0037378406457903262,0.14626906806186632,0.002144561071721396,0.14204204934726977,1.3894814870060779
59,7.844567169208547,0.42501109815693927,70.95000482856972,109.70639511368738,15.473627099909553,0.06060948395794377,4.743697809383711,1.400883151664974,0.14296803229715277,1.9955365641590106,0.3847264782817482,20.0,10.0,0.09961912181145939,0.9512330242676673,0.05766677564227708,19.631755208847853,0.25824201345678444,0.25824201345678444,0.009123921734719204,0.017235570224597443,0.09961912181145939,0.008884732476602496,0.25824201345678444,2.2847115069504387
60,3.7619320603951727,0.9814056461613253,87.77347029756251,75.4866375500134,30.366909058385534,0.04773704793591342,2.5615672120883204,0.8276641963168736,0.023730977688312636,0.8305631686791597,0.3032985171793354,20.0,10.0,0.10891914462007338,0.8134848470389731,0.05395145870891942,4.739909008711274,0.18554102640136366,0.18554102640136366,0.042202531763267784,0.07979548843337926,0.10891914462007338,0.024032622816457336,0.18554102640136366,0.3227626497008024
61,2.0611480834776623,0.06660361072084242,109.20881631269107,121.50502392658977,18.893928360032604,0.1381637708417555,5.59313139421798,0.788868630923411,0.13975234577977427,0.7962377941705141,0.42114473003498576,20.0,10.0,0.0300879540169765,0.2827869629674024,0.01564587143157728,32.256011537751306,0.3664336098172389,0.3664336098172389,0.1486887613497417,0.1782678619459105,0.0300879540169765,0.004534239899175745,0.3664336098172389,1.0153657064888746
62,3.9568853210549912,0.15818402423409594,68.67728666932598,35.37044364322932,24.311003620753823,0.04568123825965077,3.376575944086639,0.9161876766530366,0.12218190915851702,0.9855866312443632,0.31496350220779035,20.0,10.0,0.20520754997014384,0.9545904574559044,0.08248608264572148,25.48970285495943,0.10420070370856119,0.10420070370856119,0.007220634832652962,0.010813969126733004,0.20520754997014384,0.009817128544877821,0.10420070370856119,0.9895134005786462
63,6.872358247630793,0.5444129625838019,164.4604579873325,117.67471881007376,43.9787478547106,0.1257796023822065,3.0837860684228042,1.3186102299676812,0.025259272103360375,0.5843009255755693,0.40212767902077906,20.0,10.0,0.05193557219601725,0.33866388550443416,0.024247833471722505,14.020069684497109,0.4249085220471535,0.4249085220471535,0.14107477262594373,0.10780800364829451,0.05193557219601725,0.02370008606196327,0.4249085220471535,0.7093775356305301
64,4.383859507864427,0.5888060052616529,175.86537270340492,98.87914564623594,70.46898144956064,0.14115390328183833,2.5489238528511056,0.42442148388749934,0.10998737897786466,1.5561323019472049,0.3866681066348101,20.0,10.0,0.036616150191765694,0.24616676932108492,0.01696075084826832,8.786473993913734,0.15119876620492265,0.15119876620492265,0.14987791291447916,0.1905145996727846,0.036616150191765694,0.002018051766103793,0.15119876620492265,0.4853059600658893
65,3.697473481507486,0.21327918203566082,107.69273558890158,119.3683971827738,78.33166312970647,0.022924869666157362,3.648555498677626,0.9233782268966939,0.1772920958595724,1.3811482710274572,0.4108438568639191,20.0,10.0,0.096596836990726,0.9982502540651624,0.058689319585277656,18.92164977992182,0.03561603964081187,0.03561603964081187,0.00018319849942770655,0.00022789613058223253,0.096596836990726,0.0004807801897440443,0.03561603964081187,0.9974392069489673
66,6.602002152970574,0.5267737247406283,59.80720486045918,147.59676075066247,76.54422256844005,0.10676773603539418,2.02612521545021,1.371981290077695,0.19644391852398577,0.7741158557584616,0.37048921099322285,20.0,10.0,0.041056977527410284,0.9910261577744479,0.030255488351464337,14.391588223301925,0.24879715795152074,0.24879715795152074,0.01620102032474663,0.17997972009462523,0.041056977527410284,2.02085720418178e-09,0.24879715795152074,1.1350681117468184
67,6.777821048610603,0.08699094987672953,41.44784086568013,151.0887281400318,28.466697191728837,0.08606448071849826,4.198195989674195,0.712204488403039,0.06703991159700469,1.9311550130673114,0.4417297832413994,20.0,10.0,0.051290351922145774,0.9999696295945378,0.03821184446389016,79.56731479915318,0.10618575969462515,0.10618575969462515,6.155642233134833e-06,4.168831842120308e-05,0.051290351922145774,7.4248381187602214e-06,0.10618575969462515,1.2047533869912188
68,5.42006710326691,0.14736927620460505,65.4922061139217,111.31201397644713,34.27740091932264,0.06560014095622069,2.795679276829778,1.0440420061594413,0.022086267919574822,1.6731771799119763,0.4368047646871376,20.0,10.0,0.0843139284886327,0.9847981540906251,0.053101425098300445,38.06332049580741,0.11178208436628198,0.11178208436628198,0.004234527303347202,0.023673823154323224,0.0843139284886327,0.0023386258299382115,0.11178208436628198,0.45957725560398294
69,4.207276698508386,0.10290958955792719,137.49244627066693,161.45875111428188,13.81398759813921,0.0743907452994089,4.438980683024341,0.43970731008008124,0.10752238309659712,1.5245131751976264,0.3213517000788737,20.0,10.0,0.13315478115557472,0.9987360694237588,0.07012363961671353,42.56689016419681,0.06937980161908792,0.06937980161908792,0.0018007826501278048,0.02566541787632823,0.13315478115557472,4.00767974154345e-07,0.06937980161908792,0.7831454218445637
70,2.8138583430553856,0.8121365443433456,74.98078219951176,80.327885975165,67.33126726566903,0.12288765622649535,2.979592172625458,1.233628483866198,0.11019611547830993,0.9933732789993596,0.33544511915544706,20.0,10.0,0.07238432460872388,0.9131195052615434,0.04403096560213224,4.604695355753066,0.1888061585211435,0.1888061585211435,0.05695579246594728,0.15071606013042646,0.07238432460872388,0.00021935467896922777,0.1888061585211435,0.8843864386950411
71,7.481434469159932,0.38558815852458284,172.05002317529903,32.23787321880107,40.64515016883733,0.11521438965997095,5.608975902295459,0.21190972879169562,0.1676104841726191,0.7187953369814213,0.39415709401247817,20.0,10.0,0.0751346825518486,0.22745576781735793,0.02063979207286073,19.928260668810683,0.30929922618344935,0.30929922618344935,0.14998309504804538,0.20763277757574428,0.0751346825518486,0.000864787465825821,0.30929922618344935,1.025518489418588
72,2.8506997363143105,0.7798517831281061,188.78389384490353,37.41615291771437,45.12857560499134,0.05587819925052458,2.8309542228901736,1.2025713636437212,0.15029820540751226,0.8689382743015341,0.42041871858952273,20.0,10.0,0.19315749736090332,0.5932388027329709,0.054677511332809806,4.255242271150699,0.15736749647278422,0.15736749647278422,0.14793920958629936,0.21479441902949056,0.19315749736090332,0.009763345667218334,0.15736749647278422,0.8884229260859359
73,2.9035742825983846,0.8642686488155776,126.20239818705906,164.7581807405365,71.66759431526808,0.12033964355665906,5.649901692219013,1.0965896174816625,0.02004688723044814,1.5868308465342522,0.427586104564621,20.0,10.0,0.07000765029290813,0.8269252075615533,0.0432459295199429,5.365493548755188,0.23034958296775282,0.23034958296775282,0.0554665972313614,0.09024443759788554,0.07000765029290813,0.009394256307218402,0.23034958296775282,0.5919413583139128
74,3.090978843848672,0.6515594543316187,72.36126591943142,39.624264446865205,45.730148278972294,0.13977854457302843,5.243683377365509,1.108220942004156,0.19763700211632546,1.9630006390628656,0.3135496751102308,20.0,10.0,0.11396873487282641,0.7971800176799961,0.054705342345260824,5.368863906588215,0.3084971858889108,0.3084971858889108,0.028739648280030672,0.037604379945792736,0.11396873487282641,0.03905864660582996,0.3084971858889108,1.6320186553430487
75,4.046365999779814,0.9028938472776326,165.48762022777694,130.81993291310098,49.75085279812627,0.028630345688721113,5.811395331196653,1.3250284664165868,0.02315368310123079,0.8960502709891652,0.3594914365378431,20.0,10.0,0.11815060040881235,0.8140373380649067,0.05826363102582688,6.038505895178241,0.6338158658588267,0.6338158658588267,0.029133570828989333,0.04623797361685217,0.11815060040881235,0.02965198293971395,0.6338158658588267,0.8751538492025563
76,3.670173896580417,0.2592415740594628,134.78493747156938,85.0211611953864,52.644289730697764,0.1127446406794314,3.8685193041012105,1.2809558375803256,0.03545277321582806,0.6050549848351207,0.30988672417685914,20.0,10.0,0.09119896874120081,0.6336924471953816,0.04291122537876301,15.270783824642528,0.2721093952939087,0.2721093952939087,0.11342673880248966,0.15497246243845206,0.09119896874120081,0.004416358179087363,0.2721093952939087,0.7979548268279512
77,2.178072208921301,0.20797423433918105,131.07733570268283,176.0141488795668,95.9903663873153,0.02158340164399005,5.099389382198993,1.1293209385667506,0.1713753572248357,0.7811361297617303,0.3431903243027068,20.0,10.0,0.08329792832426162,0.9999860047152984,0.053552369369587245,12.712891625973874,0.04488197508469756,0.04488197508469756,8.295006446353288e-07,8.382240480579759e-07,0.08329792832426162,5.20221742295542e-06,0.04488197508469756,1.121341073075701
78,6.854509412836301,0.8911254417023664,184.54751783899792,182.201254531074,17.772489688924967,0.12936494818008978,5.945365779640799,1.0087618293493665,0.05570464266198921,1.6595520033397675,0.4641704941360181,20.0,10.0,0.14781244936292406,0.9886169293577447,0.07305738777773071,9.602844151028837,0.23295757467150296,0.23295757467150296,0.00660096892434563,0.060862846693597865,0.14781244936292406,0.002010277973771391,0.23295757467150296,1.924856726548537
79,6.634459482920651,0.7601834140868077,52.723311796023985,128.35693735583735,64.02005366158075,0.10336666550583143,4.312812969063328,0.4804483713034841,0.1784128149248884,1.437577551950863,0.4871571371558592,20.0,10.0,0.05550056718734489,0.999677868683855,0.0402665772290696,10.331115360858302,0.20149234770134736,0.20149234770134736,0.0004821087063345483,0.03236699290691875,0.05550056718734489,4.88020635085437e-09,0.20149234770134736,1.324194484838699
80,4.406547025258796,0.062036653027516556,32.77599853479123,46.29648858970364,76.02156162379177,0.07764947536215518,3.4846581497807083,1.2211847602704657,0.08056378341918169,1.7572607428178777,0.46112255816981884,20.0,10.0,0.06465263007809835,0.9997565751071383,0.04515855328482166,71.87441965118111,0.11279375232888815,0.11279375232888815,5.3806244936539116e-05,0.00010997783622194935,0.06465263007809835,6.423173217186666e-05,0.11279375232888815,1.1697393971208605
81,5.918616978545289,0.9093040166373706,123.5058998964224,70.19162480956125,86.39755004826362,0.10745106307293642,3.1126696760559214,0.26821523137736836,0.028145843934774626,1.6473229640487157,0.43585865408915864,20.0,10.0,0.05232112519578151,0.44730498522632317,0.027283120102000975,7.642856857065616,0.106918746370476,0.106918746370476,0.12434883513344155,0.1281941025911103,0.05232112519578151,0.023426329648002835,0.106918746370476,0.2547399580243705
82,4.702636032631608,0.05483596213148845,139.77307516949043,129.19696272612322,13.512820786514064,0.11674860915166606,2.484158271692025,0.578880403500614,0.07354935273511312,1.8789765443866784,0.31661282461975754,20.0,10.0,0.1282378733170308,0.8839100239820085,0.0604814319759736,87.11778160063739,0.08264629407138346,0.08264629407138346,0.07228813885160983,0.19411451527110776,0.1282378733170308,1.6836770008449786e-05,0.08264629407138346,0.5292507382337699
83,5.283915968635243,0.575537872028897,90.22303277964684,31.091387744204166,77.38866347913918,0.14357018263457827,5.680050046972298,0.41461933265602946,0.0522755419273976,0.8065807544352795,0.4787819562884853,20.0,10.0,0.045071437616730846,0.3717630191228609,0.022335203900372975,9.878688249461968,0.4275262830903802,0.4275262830903802,0.13461254085336335,0.1255777036874171,0.045071437616730846,0.026509016871608154,0.4275262830903802,0.8976511574780787
84,3.5496066576919607,0.4060925367114931,190.36855950089313,150.54411099079482,14.20130720415345,0.05857880374152234,5.899756032046378,0.8434551811363722,0.1342030834447193,0.8085595156827566,0.40340101915383575,20.0,10.0,0.17405147673092175,0.9770968669226713,0.07640925153252683,10.317328939725469,0.15204806316156055,0.15204806316156055,0.033393358935654066,0.15540697360424546,0.17405147673092175,3.57485678430704e-05,0.15204806316156055,1.6042929230251854
85,4.0072982249646465,0.37431679224993225,190.82366240276932,179.00497742870402,58.08222418276587,0.10238187806610397,5.668930205301761,1.2933066593191747,0.09870082415526116,1.9909690644296072,0.42371131392067546,20.0,10.0,0.13333790482843816,0.9997209839287855,0.07056701099277399,12.786093952370699,0.11927632039442973,0.11927632039442973,1.830584278176261e-05,0.0001479047113041717,0.13333790482843816,9.436270589508093e-05,0.11927632039442973,1.9293055872079046
86,6.654876485240006,0.17231039082334207,182.47693704390784,77.79049109407003,40.07248913709983,0.06777523682640783,3.990530841170094,1.2750344643874034,0.0550406309922289,0.7515020299456413,0.47659898085089736,20.0,10.0,0.17706200085301732,0.795223856913848,0.06512221131196602,39.59971353547441,0.25918662678979976,0.25918662678979976,0.1181448651518132,0.20994560153606476,0.17706200085301732,0.0006610878356812127,0.25918662678979976,1.4477067312087464
87,4.1551044840837115,0.3080763497920971,45.90576048347396,80.10370539275458,24.926607776971707,0.12248646853482628,4.851494104751102,1.2567533221729594,0.07066452620135641,1.3850835922470628,0.33065165382958134,20.0,10.0,0.09123117904103416,0.9856033489033847,0.05603555317053056,14.41292572567014,0.16987553676180328,0.16987553676180328,0.002807126553974211,0.004353252498509085,0.09123117904103416,0.0033017743349946505,0.16987553676180328,1.5016299996875824
88,6.145516647961879,0.5137608809840474,133.45978689017963,66.08503166844353,89.75273222264883,0.0399433864831764,4.079159952300408,0.5098250710053991,0.04887094812310937,1.9778940472784645,0.3776028478499387,20.0,10.0,0.13171641731191563,0.9220098691731249,0.066338708528127,13.07143683241222,0.10374818771843422,0.10374818771843422,0.011348557636777463,0.018031359651904035,0.13171641731191563,0.014673932764878507,0.10374818771843422,0.683585714492402
89,5.264394793107671,0.49285355750340554,53.544185370628085,135.19707126926644,90.6535553217514,0.14697927566245456,3.7306348722362213,0.27950342028915,0.1474225931657215,1.0111658646131554,0.34046329207298387,20.0,10.0,0.020126278499977748,0.6327018698277987,0.015167437469429395,12.486696932606447,0.21452914268279394,0.21452914268279394,0.10983027757037561,0.17414748688083787,0.020126278499977748,0.002942708030206123,0.21452914268279394,0.6301726722293512
90,4.56054118597154,0.4284812282777445,151.0756414362662,52.65824031518969,66.723375170866,0.0852938730432734,5.2677371782341655,0.5182980730166339,0.15429828403087514,1.7976990060001996,0.3272440401603667,20.0,10.0,0.2127408192605016,0.9924349719708766,0.08741438067072523,11.503702156138958,0.07745581278668304,0.07745581278668304,0.0004625378255755319,0.0006131107079667997,0.2127408192605016,0.0025837373028341766,0.07745581278668304,1.1880807045636932
91,7.444537459242152,0.8069149966928939,91.93586690159702,50.200648420638444,39.00139673672241,0.0713414868845622,2.9337945039017743,0.23360550510736217,0.08387410364314205,0.8887948316546087,0.43146612385912686,20.0,10.0,0.07296793932011472,0.5037512712642009,0.03233691402283928,9.922938738523541,0.154330883372103,0.154330883372103,0.1316280554046533,0.17934394121027142,0.07296793932011472,0.0038925164836734684,0.154330883372103,0.48308916438059074
92,6.29030619868683,0.48023792465623216,67.1638486265552,120.46847346227061,23.131631822460417,0.04823542095468951,3.803155095444419,0.8651522096219391,0.07523255593174921,1.0886659683744364,0.36071789340442856,20.0,10.0,0.08850453783571689,0.9844608505029198,0.055071359902656,14.418654950596423,0.09727415164999817,0.09727415164999817,0.0026357847099275,0.0040045311750473295,0.08850453783571689,0.003360433572027961,0.09727415164999817,1.1991455902192194
93,5.585307941889783,0.11841707251751414,119.04944539197844,189.45474457212123,21.992888738645718,0.024982847593591238,3.6717361615990285,0.8886033875698018,0.1904294903843222,1.4711536090904835,0.3054882335078493,20.0,10.0,0.09377449859039808,0.9998267498321496,0.05655941716315111,49.170919765810005,0.023877345461634704,0.023877345461634704,2.1452836419269797e-05,3.34241031869443e-05,0.09377449859039808,3.7690913595848706e-05,0.023877345461634704,1.0636457793932554
94,4.4923552987728925,0.34103949746725687,101.74862405154329,43.18203672907434,83.86182149696867,0.06433846722589556,4.538173011631104,1.4455815860291215,0.19583315326539277,0.7269888306300321,0.4755538098012228,20.0,10.0,0.14218864264471406,0.9999499179813593,0.07257840007902823,14.023666181331702,0.24977058225072907,0.24977058225072907,0.0001009664203548313,0.03549056468984517,0.14218864264471406,5.279123893428838e-06,0.24977058225072907,2.147946397348276
95,7.7254844292232825,0.6589670114859782,68.03665449148569,103.36684208368936,71.63083820762422,0.13251183050480975,2.2142116780871466,1.4561469088789334,0.12287121308284384,1.3299670955874077,0.48804179298860817,20.0,10.0,0.05739546189023949,0.9667856440214267,0.03815906459832327,13.115451100958596,0.2811626142203089,0.2811626142203089,0.043530982619966435,0.16304164097965218,0.05739546189023949,4.6415115131843365e-07,0.2811626142203089,1.2552507171898621
96,6.816338966315407,0.6411470799623541,171.08557035856293,69.93375644566603,60.98170950661563,0.053623813586029745,2.522033228433866,1.3117370286622512,0.1413369715879119,1.2435091245072942,0.4523706941470248,20.0,10.0,0.21709809434032376,0.9947943843346235,0.0882531717585432,11.635720822465904,0.11449847435400792,0.11449847435400792,0.00036219425735849176,0.008448458743680847,0.21709809434032376,0.0016882150923072956,0.11449847435400792,1.3041731525447546
97,4.316466180711178,0.08150170477678832,169.3648896579438,141.400506553963,88.39026353912014,0.0221613874139155,2.956586321980135,0.29630753551927325,0.17225467447747111,0.5323116799207392,0.33489271470088877,20.0,10.0,0.08248605979924871,0.7898591322259186,0.04519804601501835,54.81762378065765,0.05743328945159669,0.05743328945159669,0.12128630946952017,0.2402772117265551,0.08248605979924871,3.153008697120138e-10,0.05743328945159669,0.4443500781277197
98,4.4455132522382605,0.7748379320712472,83.09325377275238,64.69754253092694,75.57922290147117,0.14194536013843467,2.376646935777916,1.4649531829182332,0.053909655841091114,1.4750717929645272,0.4338552751332436,20.0,10.0,0.07490935481776018,0.824952634021996,0.043154363520289465,6.762217464989389,0.218143210269052,0.218143210269052,0.0798286169789276,0.1360657494053103,0.07490935481776018,0.0017222115146201063,0.218143210269052,0.7592353718638064
99,3.8624779267833405,0.3512965974190417,187.588054204668,197.7875068999387,87.32808495862493,0.06233735691789451,2.053025820831625,0.5479676077993094,0.0666646028824846,1.1071981934964112,0.47790748140883765,20.0,10.0,0.025694971735957445,0.26951745915409797,0.014858653801567978,13.409435328373233,0.11222432261344091,0.11222432261344091,0.14929194061122847,0.1882140357303459,0.025694971735957445,0.003079666417515492,0.11222432261344091,0.35652376776045713
100,4.905844953645878,0.820004282427971,157.5025408078463,76.15920318861073,93.2618549732091,0.03697521949751685,3.7811998730885503,0.27462686574257383,0.09568328787042973,1.197180447240576,0.33883017643806435,20.0,10.0,0.15287633041144774,0.9913515336364438,0.07464508228610281,7.210607810576792,0.04543545588409585,0.04543545588409585,0.007291626255608835,0.03835306446950382,0.15287633041144774,0.001260344077594468,0.04543545588409585,0.4949702825071115
101,3.4466424317339466,0.5671488739120519,50.51236369531306,123.91921104862894,69.27363589750436,0.12877631196708061,4.781441449940305,0.958288197734517,0.11528167093449426,1.3469232085968326,0.3487874863271564,20.0,10.0,0.054648612501380096,0.9999061056858097,0.04002690017811562,7.662699098272705,0.15951541233911826,0.15951541233911826,3.354531148422529e-05,0.002783256656309407,0.054648612501380096,2.4975220947458467e-05,0.15951541233911826,1.3558263721316648
102,7.968119399798641,0.1606580691271105,78.8094843093439,165.45937491553568,31.727877329346413,0.08119384208544916,2.4142321429215228,0.6232877711727342,0.1287323948540369,0.7369472798479659,0.43224525646439016,20.0,10.0,0.03915417596541747,0.7251326495377542,0.026061601686893487,51.409991288636434,0.2439317410739253,0.2439317410739253,0.1186700245761565,0.19824893775320745,0.03915417596541747,4.2199188003604763e-05,0.2439317410739253,0.9374221972771647
103,6.375523753739415,0.7006393459864159,193.92429109502214,71.77613222081224,61.53177794044137,0.034213460703960336,3.3404744406703477,1.0875929559695259,0.032893718442170684,0.6728302864835525,0.41954387448123365,20.0,10.0,0.20704307928333945,0.9108659700304084,0.07947028991787655,10.125000174499277,0.251733729133388,0.251733729133388,0.028394515518846,0.09516835896488414,0.20704307928333945,0.013634094162927124,0.251733729133388,0.7908434600512662
104,5.791500560884026,0.9561912626255593,35.38213259620762,34.329328976398706,81.25264518870425,0.11454536479663227,4.882523693707281,1.476931723724254,0.11152090157309139,0.9954719277419403,0.3934408757661685,20.0,10.0,0.06740136499810963,0.9735530965677855,0.045548606837720315,6.806399730297679,0.3122930171108032,0.3122930171108032,0.005426896535224031,0.007270201761424672,0.06740136499810963,0.00657687585443517,0.3122930171108032,2.35118270548078
105,5.935688197747624,0.4002002870496592,104.38494244820019,55.43632822673452,50.50295111059086,0.13459603117034294,5.384342899602098,0.3369496552788285,0.09512163928544244,0.5386299797435097,0.3526790660737762,20.0,10.0,0.044250972128976135,0.32110008681572044,0.020328101123960055,15.638671991558994,0.4078999593434002,0.4078999593434002,0.1454860034209176,0.15982604658518582,0.044250972128976135,0.010740591797960402,0.4078999593434002,1.0393104723848334
106,5.39305719106464,0.48564421299806165,184.7884396910838,180.33002223158093,63.82402885889933,0.03435746743733355,3.904284035945068,0.643128135872031,0.11714953920132695,1.5428908219341322,0.4074674281923811,20.0,10.0,0.12567516167117976,0.9992873301546978,0.06834627939738595,13.227375489561942,0.046643630294688744,0.046643630294688744,4.238836053904687e-05,4.977005502553911e-05,0.12567516167117976,0.00024511637662596195,0.046643630294688744,1.0279402738508339
107,7.162034553245981,0.8424825711808474,31.65865185188931,192.90224884189615,39.406555915772856,0.05142510280156523,4.905816468886631,0.7023093579191362,0.12472572000891058,1.7713719011838118,0.3682984077207655,20.0,10.0,0.03187088523208855,0.9830814717362654,0.026068931508277132,10.627162351088543,0.07345325291763202,0.07345325291763202,0.003857704149357476,0.00600819259029559,0.03187088523208855,0.004207258023004464,0.07345325291763202,1.5731561711198598
108,3.834545089052142,0.1149129266393496,161.2674327883797,195.3836970067582,38.22478528309267,0.07568558470600395,2.689542433836735,0.8317226820840349,0.03455878101263798,0.7038901926432064,0.3789452233186234,20.0,10.0,0.03966677551079491,0.39310349985748255,0.02232546632243467,35.5140969997409,0.1685977180836305,0.1685977180836305,0.13862519026023082,0.15310230237476224,0.03966677551079491,0.012145942084075753,0.1685977180836305,0.4261537916010506
109,5.967747248939786,0.09465143741030722,85.43543008045978,44.44851190391191,33.10005639579265,0.05080958038499095,3.0371360550638014,0.4551156330834123,0.07171238318035957,1.9084323299618497,0.325135821856364,20.0,10.0,0.19366790743965898,0.9702725928683774,0.08201295616169535,63.6597119790734,0.05637704897094028,0.05637704897094028,0.004541132450176576,0.007044225956924731,0.19366790743965898,0.006309171544210976,0.05637704897094028,0.5873945703139111
110,5.309629113590892,0.2998248823941276,150.43853520896863,122.94746794235749,99.09967575201976,0.0407241542728021,4.808651164683509,0.9737849782005494,0.10394404612328496,0.520744943543142,0.42885107347873175,20.0,10.0,0.11091622916990868,0.997297009478372,0.06273140493743336,19.434074021362733,0.18242841338952506,0.18242841338952506,0.00486585879869802,0.08389746012174319,0.11091622916990868,2.347838375060476e-07,0.18242841338952506,1.7443564861647411
111,5.187550345310546,0.7228988131569835,95.37937902011964,44.89134956679589,29.935584766430345,0.14311033636752027,4.3638452427155325,1.383355642252698,0.16536501215736332,0.5041653761096612,0.3894177056471413,20.0,10.0,0.10169815022315956,0.41981137864970447,0.03996863090640656,7.774630791671589,1.1764517861095674,1.1764517861095674,0.147559076776405,0.17420094231490724,0.10169815022315956,0.48086202902667746,1.1764517861095674,2.1578478220699315
112,7.668403240237684,0.3618987564965655,192.65895185931151,98.33528296293007,63.25920154232165,0.08468040777101786,4.87234894904501,1.0188974553539192,0.04326197650771311,1.4273525324880252,0.4968478567100726,20.0,10.0,0.187372643087191,0.9847613523655887,0.08087452515796403,22.489009404570318,0.20030178049461528,0.20030178049461528,0.012101485998568988,0.08468684818360718,0.187372643087191,0.0015488350645508154,0.20030178049461528,1.4517200250564852
113,7.319018658182528,0.3285291488134742,178.6794388344744,68.77410557879449,95.72301323365399,0.12459207343703445,5.759888935451654,0.3950964896629685,0.15379838301505513,0.6419527551190798,0.4516063500845308,20.0,10.0,0.03580347103346844,0.23439485209654445,0.01619773185039983,23.444496995045,0.48677694709809494,0.48677694709809494,0.14999021320011635,0.20000024462109758,0.03580347103346844,0.0004405635843291721,0.48677694709809494,1.6392288099821057
114,7.360422353858572,0.8255561294405225,118.31103922452144,181.8296174565721,27.078193467046354,0.057042382704227956,5.993031191644846,0.8947306285047116,0.11817896302622592,1.6999541466266517,0.35677108972286636,20.0,10.0,0.08614508083099558,0.9054367772852161,0.05181690262504969,10.869401157429749,0.24268028335355182,0.24268028335355182,0.015055317008772988,0.0254602661898571,0.08614508083099558,0.016607570569760588,0.24268028335355182,2.0977920253296514
115,4.161672242866448,0.15119879570317996,92.64085048661886,172.47850836374442,48.59576052337864,0.12829207656938088,3.4021087810093498,0.7829224039587634,0.09945358130151347,1.2025188266966913,0.4662210184741321,20.0,10.0,0.03422402796131131,0.5950889925461268,0.022654866636118827,29.49227043745911,0.26441329242353917,0.26441329242353917,0.1291212669583457,0.1942485439802489,0.03422402796131131,0.0005941906086101782,0.26441329242353917,0.944616604025361
116,7.133268197466382,0.18163827179961872,58.25768007900299,148.7192066996037,88.07222792921766,0.11088377547925238,2.0961087422116633,0.9814805314934139,0.18535262921267925,1.3523400453105094,0.38879835295764575,20.0,10.0,0.048900426648507606,0.999981996919287,0.03674456090550508,41.19938797357782,0.1573419625287078,0.1573419625287078,3.7865891070852024e-05,0.03059346236739656,0.048900426648507606,5.322180170011966e-12,0.1573419625287078,1.0309535238442773
117,2.6858591519251496,0.6688882655804804,98.0108008639771,106.94122934371275,43.15162545280273,0.13589681357874558,4.381798304568381,1.0313689067069904,0.17073975732240906,1.7198390604455653,0.48375484181843786,20.0,10.0,0.08557304554966691,0.8907404226963935,0.047874402778665455,5.300578210213317,0.21612652158507223,0.21612652158507223,0.08220259085661213,0.1924482804751379,0.08557304554966691,9.636564038801329e-06,0.21612652158507223,1.217387479214471
118,2.809385531854387,0.9470306737932143,145.19076028596908,137.96123204907298,26.051009100027674,0.1010596282535045,3.609054107232194,0.5848242670658428,0.19840555291143883,1.4100456594261708,0.30889706424391034,20.0,10.0,0.10801462536123328,0.8369702023508716,0.05379454271937469,4.4763874688738525,0.09515684933589465,0.09515684933589465,0.11121817566840393,0.1970161602661762,0.10801462536123328,3.1518125235510214e-05,0.09515684933589465,0.68138124821168
119,7.2043380263631605,0.6538691591725834,186.38795059463325,171.19895045745142,99.96626562812203,0.04455566571163319,5.824403202845344,0.7686191039379751,0.03115503158011213,0.7126884660779746,0.45698430017060615,20.0,10.0,0.10890877614704138,0.9830958225997105,0.06183373478087944,13.22983250263338,0.1691503998369624,0.1691503998369624,0.012430191758941894,0.06278696238322728,0.10890877614704138,0.0009354790812821005,0.1691503998369624,1.1635352272167236
120,2.3696329315099733,0.34675737856858735,196.48143249285462,177.03276954806856,47.895670856586285,0.13165463935052282,5.1930206174367886,0.2649535175029527,0.11238652444945674,0.9734156343283555,0.482462226804948,20.0,10.0,0.005953616514202112,0.04602917662935782,0.0030285374060308704,8.843497495038138,0.24222419033826773,0.24222419033826773,0.14999990135041108,0.08530899341949673,0.005953616514202112,0.06013869775576731,0.24222419033826773,0.39662814362078497
121,5.608334433098287,0.7704982769994364,148.9562683263906,143.81417567204088,78.50585269099199,0.11893707282305782,5.97560519016683,0.7750943644469364,0.08790616057857795,1.1501467020464997,0.4576421437455621,20.0,10.0,0.0899329086477383,0.908744560513463,0.05108189474220949,9.109511999468552,0.26964008899533204,0.26964008899533204,0.07551569342692004,0.1918167304319612,0.0899329086477383,8.82384987508153e-06,0.26964008899533204,1.870919159676132
122,6.17835482199388,0.7540817721049701,113.23440444870536,67.9489806434741,21.24892611380068,0.0913356782766066,4.611645550873685,0.5691186013555671,0.19263453517780424,1.924972780357574,0.4599013124469362,20.0,10.0,0.21729929922813843,0.9795018392629554,0.08708766399715911,8.978950412437557,0.14299315594771364,0.14299315594771364,0.0013967462336430133,0.001974741964800252,0.21729929922813843,0.006899141975151985,0.14299315594771364,1.488272040106088
123,4.969306127925674,0.2774336759877412,99.35241028049961,86.82009406410747,85.07762107821478,0.07907580920352097,5.5128616813041855,0.5427341844404852,0.13192487643915302,1.4905620741810777,0.4900408205158669,20.0,10.0,0.10275907744746013,0.9992942713790085,0.060629777208674865,19.20527950766612,0.15110191383976637,0.15110191383976637,0.001072502528590262,0.02743131396715932,0.10275907744746013,3.3987317477770363e-07,0.15110191383976637,1.3990804182294057
124,4.625945889954918,0.936598988531797,86.88884272267796,112.85940901215582,72.9037885295017,0.029395078018137604,2.7661155148059007,0.3946083226735719,0.14857104581249794,1.067847224396838,0.33253358596006266,20.0,10.0,0.0860028562350163,0.9980925263754423,0.054586828864254894,6.432202169739526,0.03948629966772205,0.03948629966772205,0.00012565526813019908,0.00017782066870593397,0.0860028562350163,0.0007317628702415949,0.03948629966772205,0.5203691932475085
125,6.7647008157472905,0.1994049795031947,107.13930191943795,194.79970974249684,67.74838267756253,0.0835522031375486,3.337228879171221,0.592259469973955,0.19147969912130558,0.9023436605679147,0.35881916867991803,20.0,10.0,0.0641455665741783,0.9927419199209618,0.04319781538440898,36.21117175367171,0.15959804977120662,0.15959804977120662,0.012178504890505362,0.1700614346585315,0.0641455665741783,2.5232673515776957e-11,0.15959804977120662,1.197051047785867
126,6.904438912576605,0.8296930482991612,76.60547671049329,199.7774640723936,32.93370977181431,0.14879953034699037,4.653483110164191,0.8177596827843485,0.13964915675737674,1.5905444262127648,0.4957751992393155,20.0,10.0,0.060283231646796324,0.999376645442073,0.04259240162495803,10.484121823302354,0.2819924282116708,0.2819924282116708,0.0010508992960115903,0.0571643962606084,0.060283231646796324,1.3519266331324981e-08,0.2819924282116708,1.9494791864112757
127,2.6551016200657864,0.6841102984865414,38.188525819798585,73.29395587067712,88.9695036017206,0.028314202165652187,5.712068707472929,0.526274343871584,0.168653699932738,0.6257940759528678,0.3991445609369912,20.0,10.0,0.053617888281211785,0.9989255072782085,0.039461910007733164,5.058888744004514,0.08858298413519944,0.08858298413519944,0.00014038383277283287,0.00019258125284429803,0.053617888281211785,0.00038871830090554633,0.08858298413519944,0.90503535538753
128,4.247291767413143,0.7875078201623469,88.00537413101512,163.55468691855117,49.09036406789101,0.07944090311403555,4.59524002805777,1.39147665671944,0.03435654611146435,1.7419813463337608,0.41662674171889097,20.0,10.0,0.07031294788247923,0.9501656645268358,0.0466153103463201,7.27433150308046,0.20468635424822104,0.20468635424822104,0.008064481553673595,0.012028012378711888,0.07031294788247923,0.009771334704726646,0.20468635424822104,0.9998092524807426
129,5.497152779298946,0.5979500101226988,160.26398057777502,144.01142555629872,51.394296914010475,0.10614512590457281,5.534597688795789,0.4302132537673757,0.16294038990086332,1.073581057937362,0.3914820575183591,20.0,10.0,0.08686291720702909,0.7586422391451834,0.04516371010901642,10.89041743381582,0.19487633781818114,0.19487633781818114,0.1306481007624702,0.24350936198499223,0.08686291720702909,2.3283951753868518e-08,0.19487633781818114,1.3500630079458116
130,6.094242816850033,0.41774113176312955,50.26728853982696,157.63769380779416,94.10588886174283,0.10886072043784058,3.8821043464796228,0.9078298279836714,0.10166753123336654,0.6190654293907516,0.4629737734927536,20.0,10.0,0.025788420168724815,0.8593625882494753,0.020145780468447467,16.635469378633893,0.4585003329888613,0.4585003329888613,0.06910631440432767,0.146355006545463,0.025788420168724815,0.00042232012077602477,0.4585003329888613,1.5066330742115235
131,2.04218768078285,0.6449532709244971,66.46087819973357,60.036255598609465,94.62539028133283,0.10303806476653386,2.5132619571447163,0.991505271068067,0.13796996148671137,1.5319043750103574,0.49213880237110613,20.0,10.0,0.04087617190768963,0.6626956652851239,0.026198578874296802,4.23990135899173,0.16054697723826888,0.16054697723826888,0.11857599565117898,0.17595752577775498,0.04087617190768963,0.0005377510145393497,0.16054697723826888,0.5401782266359557
132,2.9954179465884883,0.23338622396267722,198.52140114274323,83.06821074183631,42.75788042212616,0.07035536203977466,3.950020901444973,0.8612424397716163,0.15517488134033397,1.8883898847581262,0.3966986149019831,20.0,10.0,0.2568143119498854,0.997789817648434,0.09381845386639118,13.879067724031831,0.07359469343680274,0.07359469343680274,0.003176547974669406,0.03918264213242477,0.2568143119498854,0.00034695952146306824,0.07359469343680274,0.9781636437543854
133,2.25541480359211,0.3378410764384333,183.19545293544633,53.86329637456083,19.006921432417485,0.135326535777385,5.0009395669497785,1.1149071786104419,0.18399829933090422,0.9496461719564835,0.38776946569520576,20.0,10.0,0.13652444088139232,0.38654460192563084,0.03600497812561278,7.309631392030339,0.27693167811018576,0.27693167811018576,0.14993035546260441,0.22997126904368,0.13652444088139232,0.0002835074952589903,0.27693167811018576,1.3129076319187019
134,3.78356615630154,0.19555855810171174,100.70680701583942,133.17298013615573,47.52503423523611,0.09543297580128651,2.1560873320891325,0.8157612282705375,0.030233851074306706,1.5063884725921224,0.3552035646262417,20.0,10.0,0.0669817635004615,0.778247894619454,0.04013510111045484,20.91683939371901,0.08965064425956408,0.08965064425956408,0.07534725171461627,0.12993040946309437,0.0669817635004615,0.003480700812428072,0.08965064425956408,0.3020413463716162
135,5.764599290229164,0.6296551846352443,64.54097891114591,105.64688077872417,60.06641333767247,0.12195331799408753,2.842398572248981,0.6890345693273678,0.06283781229715296,1.3111495851288386,0.40058003745466014,20.0,10.0,0.059685520588638685,0.9273270419819427,0.03950729604024056,10.511969339527733,0.17850971938527432,0.17850971938527432,0.0394500423193133,0.11852927470760885,0.059685520588638685,0.00036932891553091533,0.17850971938527432,0.7385029379166576
136,5.04362730432331,0.6197914760756004,92.99143863556398,152.015449836362,91.55654621630893,0.07591060351656259,4.769826830612795,0.7497492559012462,0.13716998520339685,1.056202426570191,0.41277501097213526,20.0,10.0,0.06940760866509343,0.9999566681319036,0.047408311115165115,10.115556895108499,0.1559139688144727,0.1559139688144727,7.73725576089057e-05,0.005689021966800702,0.06940760866509343,8.205818011792449e-08,0.1559139688144727,1.5365530826523515
137,6.9615736163438235,0.43812693227220606,136.0930910746696,191.60188121457278,61.856222681380444,0.04619803877384277,3.7635612708255675,1.214215393063091,0.043811126519755265,1.6629516465583154,0.38061339386248716,20.0,10.0,0.09024202328190471,0.9838216536389434,0.05584407471887005,18.114698872656465,0.08097502883076958,0.08097502883076958,0.002480276848066799,0.004190019909649043,0.09024202328190471,0.003061619738803759,0.08097502883076958,1.0757199487705935
138,5.540027783208438,0.7354300319973436,136.93048733933426,87.67749186621597,15.162778092632696,0.045233556347366116,5.0226224069083685,0.22423585194733212,0.03690147785850164,1.7284735679708327,0.39730026531539875,20.0,10.0,0.18615433981806914,0.8693704418339474,0.07365248042338014,8.485634159697094,0.12034812647788065,0.12034812647788065,0.022677981227118334,0.05186807006762936,0.18615433981806914,0.02483399546991246,0.12034812647788065,0.3829897460903535
139,5.108034849967313,0.7142916636272274,131.79271737313957,190.91746108649534,23.946177891114104,0.11004625529226457,5.934814304418853,0.2554056802812796,0.1493559808787891,0.855937896130349,0.4152594370374765,20.0,10.0,0.029026792267731784,0.34111116304074873,0.01699452269814638,9.18009472746105,0.26330152861912626,0.26330152861912626,0.14899662147606363,0.20504192355714718,0.029026792267731784,0.0009798630674994467,0.26330152861912626,0.9066586502004845
140,7.101522209317599,0.38987724507544175,114.80703391325815,153.65277212958972,70.79720419693635,0.06624573441386543,3.6958731178338438,0.30761779121769894,0.025606887045210695,0.6801706904299646,0.4508506511041239,20.0,10.0,0.03278023592120472,0.42891349313164007,0.020467387972673345,20.105278258592488,0.17181270776830573,0.17181270776830573,0.12372720076276682,0.11201722703316189,0.03278023592120472,0.031365052325012806,0.17181270776830573,0.36062149445913116
141,3.907943974235692,0.20530254646244883,166.07434440489803,63.13615411408073,32.45514077218263,0.12352382546516037,2.6288114810501746,0.24940192735095199,0.10536719141920312,1.1247737269808407,0.4685239667052612,20.0,10.0,0.014879132479154447,0.0580491271754848,0.005039582917444837,19.828685964918503,0.1749137700764794,0.1749137700764794,0.14999823695645353,0.08864337247496187,0.014879132479154447,0.0562615691417959,0.1749137700764794,0.2922222373617389
142,2.4771494598093424,0.9949054809774004,112.23382101763184,57.699264630174675,65.1840163052893,0.03571009099141876,3.630541775380017,0.4483821069765177,0.06870597944514079,1.2826289677855023,0.47415964101285846,20.0,10.0,0.12680004563735622,0.8761255215058,0.06104592150344769,3.3927466941420366,0.0742976629044426,0.0742976629044426,0.052544816700762796,0.10529728955983088,0.12680004563735622,0.01464969277688663,0.0742976629044426,0.3674184024663598
143,3.8198582437509514,0.18428805388120362,152.3688597295848,82.13202224213768,22.61380793181565,0.049772136590669896,3.842235790122709,1.2424371877438707,0.1598111271869927,1.654464848861342,0.4225456436131802,20.0,10.0,0.24107030812920158,0.9824424157715081,0.09107700936768466,21.662039065215936,0.08271320399533857,0.08271320399533857,0.0016488554324534492,0.0022169307888003746,0.24107030812920158,0.00469372437177148,0.08271320399533857,1.380550594625149
144,2.2138888506620975,0.9574051603052227,130.122368600195,140.37457415595273,36.653042862657955,0.14526140598156678,5.129722149408032,0.30110054466760133,0.10308161272309652,0.8210205293822483,0.3122599454949417,20.0,10.0,0.01625610133080624,0.15067948013001184,0.008785896878000207,3.8993954535251016,0.20010493930639192,0.20010493930639192,0.14977331329805935,0.12006676618761299,0.01625610133080624,0.03350964721018666,0.20010493930639192,0.40181741321330783
145,4.582281630125104,0.22133826180669253,81.53988799731461,154.3315368707032,80.76021678670283,0.03636996637689258,4.568265688564779,0.8498947133918087,0.09467717971167357,1.0446731446188982,0.43956847103705177,20.0,10.0,0.0647721912107221,0.9999885374783317,0.045226594807799114,22.649735117492423,0.08273872611258448,0.08273872611258448,1.4140199553029657e-06,3.201772630062239e-06,0.0647721912107221,3.0664723332578357e-06,0.08273872611258448,1.284842544434064
146,3.4723308834573023,0.3151036472895584,51.68791927689571,74.51056921133036,31.132701221241945,0.09421275111410789,4.9836143546562415,0.804462298687904,0.04060189457731079,1.3346652083411616,0.3698258994403665,20.0,10.0,0.09494224756452926,0.9747809895687721,0.05653034788608587,11.920415950408552,0.16148981270768853,0.16148981270768853,0.005733607873433699,0.024772072943995676,0.09494224756452926,0.004985904077593976,0.16148981270768853,0.7797761648708997
147,4.740454649358396,0.8823942287786296,124.91497944839024,100.73204879531764,46.8537406492733,0.13072892204594058,5.780219336900744,1.4208219910478574,0.16047667857938763,0.6900988416751153,0.44859883684723223,20.0,10.0,0.08904135239621104,0.7607728326614993,0.044896762864106626,6.613853078192458,0.48898439472641897,0.48898439472641897,0.13855828209012144,0.21570860847001352,0.08904135239621104,2.2768294114253832e-05,0.48898439472641897,2.740820218061673
148,7.0447509185162485,0.2639058344418612,84.33589845937219,86.06844720603706,80.34319368873064,0.035093482593248924,5.764449048564728,0.34461635806839563,0.11304662166814444,0.7622373244593592,0.3441378214537816,20.0,10.0,0.09401344807527247,0.9999554944034,0.0577801543935049,27.956584498296106,0.07508542306006674,0.07508542306006674,5.364130976847187e-06,1.1170289868222425e-05,0.09401344807527247,1.1950482497532204e-05,0.07508542306006674,1.2202706623745165
149,4.094188627228923,0.12893878890735028,90.6323902955738,166.81915955052617,55.38398109513742,0.1478989885289329,4.2803238386346525,1.02104364935394,0.17522239583637486,1.433643123007654,0.460801715532416,20.0,10.0,0.0574154062142492,0.9590797302562251,0.038313593444348135,33.69807476303568,0.2679081146389949,0.2679081146389949,0.045192955728711515,0.21173287066518015,0.0574154062142492,1.538152017061778e-08,0.2679081146389949,1.5694424411859613
150,3.6294150211694927,0.16837511194546217,45.20538493966246,178.08699719877094,97.63902370229194,0.1078338640327035,4.345789911607448,0.7247484831538509,0.08161932049322412,0.6610369993148497,0.36624224413375656,20.0,10.0,0.023519255668684114,0.8837411445120422,0.019009507935075855,23.824596541875927,0.2814419543512554,0.2814419543512554,0.04839119912778589,0.12911950671251,0.023519255668684114,0.0017646253311357908,0.2814419543512554,0.9660624261168286
151,3.247941087731963,0.49053829780365377,144.33390795304788,140.92894156038153,36.27002176907179,0.1321503390653842,2.279183458153931,0.20178825720332022,0.08866809169547178,1.175606322425737,0.4548404075987972,20.0,10.0,0.004914421561390505,0.04053250815390411,0.0025449794254030042,8.211816917273264,0.11702720994762794,0.11702720994762794,0.14999372873192363,0.055834021379021014,0.004914421561390505,0.08979300087266162,0.11702720994762794,0.16836504554884518
152,5.338428337243961,0.9193702174266849,143.55419469808066,97.0181078838712,55.55236110148199,0.08693804292252516,2.124376110845691,0.3611716536035513,0.12623090713239796,0.9377997819723829,0.4539805404565297,20.0,10.0,0.0224667179164077,0.16511025566976623,0.010829577266121965,7.054557277605683,0.1835157447399404,0.1835157447399404,0.14996443824376032,0.1508895546416183,0.0224667179164077,0.009929966003215654,0.1835157447399404,0.43358669303805136
153,7.693273244111504,0.5228189468779547,100.37174044697053,146.2143305868934,34.74288167018036,0.14085429419359322,5.237947703314004,0.38667503454251073,0.06079200872721653,0.910454055129606,0.4658988369922149,20.0,10.0,0.04075815380786998,0.5149142263586245,0.02446188354914871,16.350843255681855,0.38807823599327707,0.38807823599327707,0.1283978725376705,0.1618364517562028,0.04075815380786998,0.005759135600439341,0.38807823599327707,1.1138196497586295
154,2.4809301285546033,0.36877438751983216,195.72081846347007,42.26722075772312,16.806627872918675,0.09934009972442936,4.238577807019004,0.8787843061363056,0.15285234939544345,1.5045787239527217,0.4801902220256639,20.0,10.0,0.21748500639643273,0.46358164086452935,0.04671121920058983,7.234206530632849,0.1829005214405924,0.1829005214405924,0.14949724401539102,0.23094445608430617,0.21748500639643273,0.0045658810184325506,0.1829005214405924,0.9698865169443159
155,5.153847856449323,0.6074915881540204,80.90345296397633,48.82758271840186,59.048322200868434,0.030576873237296326,4.137166480364455,0.6823118946934621,0.1698509751944555,1.9124999745340387,0.42628386278123187,20.0,10.0,0.11724126837928535,0.898120898740647,0.06054798456747279,9.26733508595247,0.22336534601637187,0.22336534601637187,0.020064781524993296,0.03833438678889557,0.11724126837928535,0.015759111865249687,0.22336534601637187,1.1139861094107073
156,2.5245525641622355,0.6125449364203163,63.883335703042405,107.70235943319406,12.9673568988686,0.04685808502614672,3.209229727728598,1.36719302948048,0.17628961205849966,1.26679840823601,0.3423003781321439,20.0,10.0,0.07727914575748392,0.8339658082118325,0.0455623067024341,5.26327648082788,0.15385623894278305,0.15385623894278305,0.02456562543978315,0.030921345924080242,0.07727914575748392,0.03334214203853733,0.15385623894278305,0.9802618410009535
157,6.733932865580804,0.595197903911492,163.87606471708273,93.46354728010749,56.28474596788446,0.0802539086471248,5.361823009932085,0.9727121559487955,0.044997535132724586,0.880165998987859,0.4089223212053335,20.0,10.0,0.17213751299742955,0.9744182907365314,0.07723202176526604,12.529830338807272,0.24670445109191053,0.24670445109191053,0.0121403378780802,0.07523819728673321,0.17213751299742955,0.0037065209059631257,0.24670445109191053,1.5034321691744224
158,5.704761650365011,0.9955612085363486,34.8255109219012,89.66143634163441,66.26365496154503,0.13434677058536645,4.463470007307558,1.1223081852294212,0.07892039420926006,0.5126633995003519,0.40910780969982735,20.0,10.0,0.038967550889440816,0.9159909947715108,0.02881359707107077,6.958129437225531,0.6132170784288853,0.6132170784288853,0.038243268617839145,0.0982383664223136,0.038967550889440816,0.0054765959482646785,0.6132170784288853,1.708935022109602
159,6.575088634861634,0.1015817936953724,121.2476155877354,196.5017984753769,85.37543353167074,0.07165093611179467,2.8990088573847568,0.6335104575831849,0.1278966083104717,1.6380281259456675,0.4558236399129778,20.0,10.0,0.07335481417532844,0.9987106132224337,0.04885942464540752,67.11893329252683,0.1062133660658533,0.1062133660658533,0.002253559298958738,0.054516217385480036,0.07335481417532844,1.4413455298661314e-12,0.1062133660658533,0.9822245583650127
160,3.220535331887027,0.08999802138403491,134.15323802545805,145.20602562927968,38.60992660171908,0.06335761647844562,4.250268166265817,0.8094035908422439,0.07255030299362418,1.1873330935713031,0.4146234838348079,20.0,10.0,0.1144481452920203,0.9748438813943591,0.06223256315560581,37.4296225081347,0.10958406069105453,0.10958406069105453,0.022776244383554974,0.11261114977766334,0.1144481452920203,5.999155474177099e-06,0.10958406069105453,0.8612544710861099
161,2.5800880455182176,0.39557856562973254,162.20962320966575,177.53057215140652,98.19780547065587,0.13045515615703449,3.0421055361094043,1.4719912350211384,0.05881069688587963,0.8418395122492066,0.3048821204791164,20.0,10.0,0.040895202813653914,0.4843142624063316,0.024610486670829747,8.788609832878288,0.20463466315049628,0.20463466315049628,0.14168987277337686,0.18580813399951565,0.040895202813653914,0.001040351641962159,0.20463466315049628,0.7444153753839592
162,5.812389274688897,0.14167254476885127,53.99006418038205,159.67995536084786,65.7686126635507,0.05468978577574217,5.301266944448697,0.4137351887014932,0.08714124966036928,1.7003398222253598,0.3069476590929965,20.0,10.0,0.04921149814275386,0.9999898825888667,0.037043553297959324,42.95257048197037,0.044267481905403014,0.044267481905403014,1.765202299906396e-06,2.539526746590101e-06,0.04921149814275386,2.4315479432975198e-06,0.044267481905403014,0.9539771453625682
163,5.678914992511586,0.29264533361691447,198.05076229490547,32.832847871680876,53.53620096958325,0.06413395987032054,3.239365815852813,0.4436573564192129,0.16703414293699234,0.669215110880358,0.4634196054917812,20.0,10.0,0.07636677773442238,0.2346960874013304,0.021643644005924653,20.001461545019882,0.23125282443691617,0.23125282443691617,0.14999822111526087,0.2153768640420517,0.07636677773442238,0.0001308268201157117,0.23125282443691617,0.8455700969501425
164,6.547996331297813,0.7852940540532242,59.19692405190682,113.74806030192325,97.06143302159659,0.09025108981703148,2.6546799158560246,1.2290847877086057,0.18342271568223878,0.7407858380917781,0.3479651606904672,20.0,10.0,0.056064782040079704,0.9999969754165463,0.04075123939239877,9.961060925170647,0.20362996345946707,0.20362996345946707,6.861026449596067e-06,0.011701587350681142,0.056064782040079704,6.763945347094163e-09,0.20362996345946707,1.392564383525201
165,6.244190966723632,0.6384544579682835,96.18018951167898,161.9308012895577,34.9197220985881,0.1467423090854352,5.156675159685475,0.9429067261578421,0.11392303877763137,1.560879362957204,0.3533150049565161,20.0,10.0,0.0884737051865301,0.9997696544719367,0.05563682748124014,11.574073225395116,0.1643454271982548,0.1643454271982548,2.338422904850945e-05,8.451114165729271e-05,0.0884737051865301,6.677965755000268e-05,0.1643454271982548,2.036052240017081
166,3.3267178108374296,0.8589111467676255,42.37471566028557,174.20220247396904,57.62900717742632,0.07481128122902185,3.262260422208514,1.4272372676547647,0.027200957179732976,1.116626748666322,0.43449777935160777,20.0,10.0,0.036733883827385086,0.971893375457924,0.0289386715327029,5.903347451121228,0.15698824878132933,0.15698824878132933,0.010566332857486121,0.03289130792909142,0.036733883827385086,0.0030243965488786183,0.15698824878132933,0.5539780531023296
167,6.041941037080784,0.5350855425488935,138.5511485622728,56.746616189711496,79.10981909727906,0.11208528531439306,4.549646443261753,0.7199482592119111,0.06801397998663715,1.3722311871485262,0.49960040985344056,20.0,10.0,0.11941450436112276,0.8082423181259696,0.05508475972933825,12.254557556022052,0.24197240225147656,0.24197240225147656,0.1007045099998234,0.1980775060898824,0.11941450436112276,0.0004258997694891622,0.24197240225147656,1.2896680768086344
168,3.158377227037363,0.21918574037432725,117.22505006287462,102.60798276029963,95.10567090059814,0.12782426726913104,3.315288064060356,1.0347558753017807,0.021362650016383627,1.0983158054525517,0.33609102071109653,20.0,10.0,0.05559349334857366,0.6155166709314857,0.032805513116314786,15.9112008027001,0.16651884108304968,0.16651884108304968,0.0990471824512812,0.11387577555539947,0.05559349334857366,0.015894926517057064,0.16651884108304968,0.37857539329589546
169,2.7357626643122277,0.5679512922458151,174.6234902903837,33.58858310716505,90.40819450273283,0.10050860645338505,3.5617545525080683,1.4849638340528764,0.18226049872582814,1.256753294355282,0.30777155847088744,20.0,10.0,0.22572211381818427,0.9878778919366924,0.08780222101945485,5.604823431277399,0.12309980904959505,0.12309980904959505,0.005138486996305954,0.07961848620583553,0.22572211381818427,0.004564299426145792,0.12309980904959505,1.2582191875369864
170,3.2762747004476838,0.2544435061205792,142.78143622989674,197.25516320156092,46.354067476609785,0.11363343363838618,3.753717476877207,0.855246130101134,0.1743079410721307,1.1667986023479509,0.3578454838978382,20.0,10.0,0.06112466212995873,0.7571381414217058,0.036623664243854444,15.080558232607032,0.16491086549059855,0.16491086549059855,0.13141465161469637,0.24647147731506058,0.06112466212995873,2.474492604760437e-08,0.16491086549059855,1.05037559712649
171,6.456115779747327,0.4611866668906308,103.75995689489133,114.76497354030576,41.88049360589952,0.0809715575567154,4.105389753656906,0.6579980840395948,0.045802882260979366,1.4168762920861004,0.3209074454011032,20.0,10.0,0.11600804679687812,0.9863502124233464,0.064785639536252,15.355973341537306,0.10246471702024187,0.10246471702024187,0.0020566748265586614,0.004530954364096131,0.11600804679687812,0.002843212039515367,0.10246471702024187,0.8830853346505868
172,2.394193087035358,0.30186946964380684,77.97357456184696,160.6568202811662,54.412326904058965,0.08949343172130958,5.058398949973809,0.4035289995361818,0.16395986960631342,1.9709666376537625,0.43829740154210384,20.0,10.0,0.0593012920830869,0.9725379237610513,0.040728066612077014,9.809849545838432,0.09400129057136139,0.09400129057136139,0.024739742463900198,0.12224002918843144,0.0593012920830869,5.808310078740935e-08,0.09400129057136139,0.5974451162675086
173,2.0285944475236715,0.3307508475552589,171.9178690037485,105.77772305337105,11.481064773598105,0.09816703796964625,2.11135537638443,0.3552806721282255,0.12618654732481022,0.9294681047167594,0.4405367103898372,20.0,10.0,0.007527333805162066,0.03454418407778145,0.002849061272471765,7.248483383463831,0.12569212710700778,0.12569212710700778,0.1499999630509497,0.06861028488087986,0.007527333805162066,0.07346106902905575,0.12569212710700778,0.1884651749350383
174,4.9832279452038115,0.7657240223254437,181.51316188260708,108.36087018120064,33.83106027433078,0.025609079491414815,5.060588492945406,0.37868894259595476,0.1937388488992268,1.8818576223272654,0.4848606857340235,20.0,10.0,0.14092893842293144,0.7145657293223767,0.058262744758293454,7.76062819434504,0.16931383344754383,0.16931383344754383,0.02319328094704521,0.02847885564541148,0.14092893842293144,0.06794513184269246,0.16931383344754383,0.9272628412441489
175,5.51558916363733,0.9888720533405192,33.446735269781904,62.166422080509044,99.19768795545377,0.0210840492746642,2.600813107547522,0.875182815249198,0.18684558162705744,1.7757812445232972,0.3922893704625052,20.0,10.0,0.044415110992246064,0.9561638182900161,0.033354265379019886,6.695309694174378,0.10843874512655846,0.10843874512655846,0.00955930880467246,0.014613930542181469,0.044415110992246064,0.010139369955881758,0.10843874512655846,0.8385490232429156
176,3.04890941307334,0.6286849478598676,146.99279291803498,132.57518058120053,29.150228020457686,0.0427046232821218,2.4689558596061194,0.5024325789845027,0.133331406663927,1.3220453950370237,0.31704518049894465,20.0,10.0,0.14562146474687682,0.9835235779651748,0.0716261791419519,6.321164805089161,0.04131730367824329,0.04131730367824329,0.01930856448883883,0.08311273400478061,0.14562146474687682,0.00041163264139540396,0.04131730367824329,0.4038287995715431
177,3.39282497435118,0.46966994284838304,154.44226574774808,76.79834213486319,20.6293198601765,0.06977259645318507,3.9370927016943775,1.0655628221595912,0.07441512798291239,1.615514825812289,0.37227132531215296,20.0,10.0,0.22651956473341942,0.8788005329897115,0.08113798811328618,8.09497950476785,0.20757319019519033,0.20757319019519033,0.01322154214796479,0.02090921767212088,0.22651956473341942,0.027186382830289946,0.20757319019519033,0.9757700827133969
178,2.9760904158024397,0.7071577640497395,70.34426050528558,187.4313928032446,37.56911331734322,0.07825446186113966,5.296378392757429,0.46961327043360407,0.13637565446232994,1.8669729950059983,0.47286030846414623,20.0,10.0,0.05906581522257467,0.9983635563064555,0.04214172202929794,6.270683486152556,0.10350619039941829,0.10350619039941829,0.0020546998466593647,0.024914604693359592,0.05906581522257467,1.0394140413878256e-06,0.10350619039941829,0.8184776622104535
179,4.845025708727935,0.2824860391946443,145.83967374065602,118.73327568431547,68.67718504465495,0.09190076396654205,4.440735660196802,1.0469797470545217,0.05966568877167698,1.7891923349001007,0.36758683523940267,20.0,10.0,0.1321411372264277,0.996952884363421,0.07010071078854174,18.682099764617966,0.09697424338548591,0.09697424338548591,0.0003678038115908098,0.0009729414006308395,0.1321411372264277,0.000705218428516576,0.09697424338548591,1.2177596089404432
180,5.142866461242434,0.3781896513459251,132.4315255344616,90.58898702317956,82.95011862747187,0.08755856767322472,4.484001581010439,0.2862652435163068,0.1157104485006906,0.9701000660403478,0.40106063977697193,20.0,10.0,0.05191391913738017,0.49267522608070646,0.02761401854566594,14.919284537683929,0.16976618969808244,0.16976618969808244,0.14292421135155173,0.22394843221430888,0.05191391913738017,0.00028495782551226403,0.16976618969808244,0.7119384343803892
181,4.543217329788089,0.5806012152609845,113.69712483621687,59.00194314746676,10.194796628988495,0.145750332064016,2.2593021527237704,0.33015265601187394,0.1355003387836554,1.3048466749717176,0.38296962322505046,20.0,10.0,0.04223021716817194,0.1803283848999039,0.01437475985178356,8.466015495818457,0.17099064177278442,0.17099064177278442,0.14978701087811347,0.14496141280913544,0.04223021716817194,0.014018163965369751,0.17099064177278442,0.38336402061927566
182,2.8972759089145406,0.13854474390190794,84.6649948294118,51.41056780708881,52.26255201222024,0.03300150666259544,4.671432086551673,1.4072594961685,0.15702864367789598,1.034354293149777,0.3455062077734699,20.0,10.0,0.142025724594361,0.9613625708120831,0.07064613002907705,21.687622158872646,0.08601129520226068,0.08601129520226068,0.005990430695312251,0.009475519569452794,0.142025724594361,0.008044857563552764,0.08601129520226068,1.4279779856397596
183,4.762307634806831,0.797410745814571,147.90090450676985,71.55865904576459,54.56946733381059,0.1018011341961868,2.9072404257582165,0.21831552092361034,0.0475696728865503,0.8631078826596437,0.3183564647111141,20.0,10.0,0.0348989631980042,0.2028553584298813,0.014956709026253512,6.960647945815446,0.1184675325544828,0.1184675325544828,0.1474590136542645,0.12046780884619164,0.0348989631980042,0.038868607635325396,0.1184675325544828,0.23720266500479673
184,6.207864073585375,0.531537744668227,40.86048032582855,190.10276440226596,86.808421370006,0.031696057012030404,2.7067784506801975,0.7964830180782454,0.09256018014504586,1.8601706634326334,0.36142030653029406,20.0,10.0,0.03266020890615106,0.9960363477793979,0.02677373554238772,14.014135134009637,0.031192191967938876,0.031192191967938876,0.0008075595750026899,0.0011942592676336215,0.03266020890615106,0.0009600429482806611,0.031192191967938876,0.7899678984896363
185,5.742752007026948,0.7930311727820477,72.57601134573451,53.05856249473234,31.42260286323919,0.0732432906687451,3.061871160458785,0.7401025389964992,0.04871693745468514,0.5939991667465294,0.4470501778556788,20.0,10.0,0.08223686547049572,0.6384561723857528,0.03920375409500735,7.929219785123008,0.3027107290576094,0.3027107290576094,0.1026076705133373,0.12864249795147367,0.08223686547049572,0.011034128466162285,0.3027107290576094,0.7321202727328705
186,4.687936097541712,0.6746131061920586,155.67931013787944,74.19772664908213,16.38041156200692,0.10915432347431267,3.1789987516521396,0.5210816475636311,0.10634159988513538,1.206656322410487,0.49804136034479746,20.0,10.0,0.06723978290237886,0.27366909294042624,0.02284969333040623,7.772952881444412,0.2368695426054535,0.2368695426054535,0.1496777249348905,0.18372376525010362,0.06723978290237886,0.002140128005010024,0.2368695426054535,0.7378127731027705
187,5.994035092786812,0.9650142486117178,61.40596231376041,127.64673141475619,68.09070398007972,0.06154809807066364,3.1973039202879865,0.49491473419017484,0.09825865570003471,1.2164518489413036,0.4816255235488373,20.0,10.0,0.05952578973421225,0.9956262256305772,0.042028470912286384,7.828264450383067,0.12923185662197995,0.12923185662197995,0.004457793377788194,0.05031440497203273,0.05952578973421225,1.0086986254219299e-05,0.12923185662197995,0.81440099086017
188,2.098164149831654,0.7437160215641057,102.91349610449227,183.78804381119045,73.6745115489781,0.13345652790495058,3.5552714121571967,0.5719739167165323,0.11764255482550917,0.7900592805268538,0.364334792310576,20.0,10.0,0.010268483315493213,0.17649407172248774,0.006942033201364554,5.027442924532816,0.24459987430100277,0.24459987430100277,0.14945712317981805,0.12040829324595902,0.010268483315493213,0.02941397052077996,0.24459987430100277,0.485537195379851
189,2.761995952298144,0.45729464957373883,189.2691317098612,81.49941848353039,17.54957187691074,0.03907916012669605,2.0111526511692808,1.1992844775879525,0.18101584539193855,1.51477251034181,0.3499863001989988,20.0,10.0,0.2751658251970323,0.8962534598558248,0.08834104481124838,6.9426026786547945,0.08899182461559652,0.08899182461559652,0.004799945045725871,0.006828844209997253,0.2751658251970323,0.036202422869638436,0.08899182461559652,0.6072231732662664
190,7.4279857367989734,0.5106426555703871,187.07446723471432,146.70510582880215,11.952831458226903,0.0669795158460472,4.099531255652294,1.1605211809343556,0.08612454696202727,1.7628924889410484,0.35006033379881774,20.0,10.0,0.1821956213613239,0.9457000893735877,0.0790258330919358,16.07316314748454,0.16073768851876497,0.16073768851876497,0.007337566546455634,0.012268374167972365,0.1821956213613239,0.010508897295504502,0.16073768851876497,1.6351771077421098
191,3.2939136535633966,0.35793397039072283,170.19490620332442,112.2334918741163,20.12103475443857,0.11343441936062082,4.500714612482809,1.1321823425577842,0.15097824870640766,0.8471352909881698,0.443569214055821,20.0,10.0,0.0755365037713228,0.42001849407670877,0.030976430144754593,10.425513544727856,0.3245703045192577,0.3245703045192577,0.14975591392837911,0.22422441028756004,0.0755365037713228,6.243295942214446e-06,0.3245703045192577,1.507237203858324
192,5.8964170064773125,0.7194418911670047,119.44842196160326,198.98512564071234,92.12642034974893,0.04288277955664816,2.1891763599701046,1.142158826807102,0.12920596986478658,0.565564131384019,0.3755373847410681,20.0,10.0,0.06243714682039314,0.9831697661047386,0.042203113787506324,10.646304422888074,0.13773806857674945,0.13773806857674945,0.02871555131833978,0.1733920639975173,0.06243714682039314,9.900013962246436e-10,0.13773806857674945,0.9891280108001973
193,2.561335635897506,0.9427230656155162,94.20261000055442,65.21104397442599,57.156381541856234,0.02024197296393787,4.15424609512819,0.7352812619546094,0.13158711761596556,1.4065182516391157,0.4420218840810375,20.0,10.0,0.09822400759635441,0.786792838273196,0.050785442107738284,3.6548468055744703,0.24647640425286071,0.24647640425286071,0.04146460158846798,0.06474493086012162,0.09822400759635441,0.030638095036779247,0.24647640425286071,0.7142178533111996
194,4.366666076003078,0.2432127004817598,180.4830237724334,47.06300627291754,25.701810681302803,0.05974365098711486,3.441027832965653,0.6004051998516209,0.06973792218835341,1.8985769415161722,0.4738574801443416,20.0,10.0,0.342978104257828,0.9033047280399701,0.09129392948092996,18.553242941114863,0.12335402640460535,0.12335402640460535,0.04390755320378564,0.13446644347048378,0.342978104257828,0.014710049813422785,0.12335402640460535,0.6827268741425528
195,5.029033425122915,0.9164341699858353,167.36240219382128,58.77097298776309,18.45431819702029,0.09476371651904864,2.3545387347431834,0.9290611856990709,0.05300554191005942,0.826828959474293,0.4051374733598651,20.0,10.0,0.10493037954092661,0.33398215879515397,0.030598586285419276,6.167591440420632,0.2544134584874723,0.2544134584874723,0.14692078702359657,0.16036777566210167,0.10493037954092661,0.011045603294086293,0.2544134584874723,0.6248283113907923
196,5.465589030976086,0.05350107239952501,157.33351402241513,152.61152464004894,44.39607784274786,0.09925941865791904,3.153682506299939,0.9494250830214783,0.0901898450476454,0.5292763877236044,0.31903749234577033,20.0,10.0,0.051719522652097824,0.46512863086693357,0.027203233839407495,103.90659051887961,0.27291320998410806,0.27291320998410806,0.14748792586134343,0.2090698352825649,0.051719522652097824,7.675619155157706e-05,0.27291320998410806,1.1277272902023008
197,4.290589798027593,0.8782804513837961,54.77429667359358,170.80715772801372,62.2795552008392,0.06829240490752164,2.3151224891389317,0.6711698760914797,0.06506643857666919,1.607282359116686,0.417057908604343,20.0,10.0,0.04643964147487676,0.9953876739813639,0.0351519843699663,6.9046854494270296,0.07957671482045314,0.07957671482045314,0.0037825845876313813,0.032648631314789664,0.04643964147487676,7.83661596504535e-05,0.07957671482045314,0.48621697645505824
198,3.5253967148675827,0.17707104483445352,125.87104773677201,124.44024746593381,27.870923872157743,0.12718720145379653,4.975746826651963,1.3551280931977718,0.03856021881933693,0.6499127802805735,0.4792587308917498,20.0,10.0,0.04867602565809018,0.39939900420761526,0.02485044859714647,21.29326131682251,0.5084140401783566,0.5084140401783566,0.13705782490106716,0.1326015474396049,0.04867602565809018,0.015712748093063923,0.5084140401783566,1.1020461377442536
199,7.390165588419139,0.4641896793455424,30.140438890745354,180.49007494747556,36.06443311334705,0.08857710595044284,3.5208179130034707,0.46588636237325665,0.056062760721446975,1.3557916482770065,0.3295670799033833,20.0,10.0,0.03461579794524638,0.9998646400073489,0.02810696735092369,17.905795726652638,0.09641876182761051,0.09641876182761051,4.5825929627850084e-05,0.0023343550361262042,0.03461579794524638,3.164191890003332e-05,0.09641876182761051,0.7606276742302753
200,7.304241105023358,0.2876865213585473,122.60944716782865,92.32084125264882,91.4079538690911,0.11970720988187705,4.689156780267567,1.2999064691521367,0.14356998685703298,1.293129612219763,0.4457012133536051,20.0,10.0,0.11637324577795238,0.9999993055228114,0.0655077509727324,26.769832200373777,0.23597043401636025,0.23597043401636025,1.1387084429313783e-06,0.0027449148489097036,0.11637324577795238,1.1103808082832438e-07,0.23597043401636025,2.5120194887351
